CREATE TABLE public.fakultas
(
    kode_fk character varying(2) NOT NULL,
    nama_fk text NOT NULL,
    jmlh_prodi integer NOT NULL,
    CONSTRAINT fakultas_pkey PRIMARY KEY (kode_fk)
);

CREATE TABLE public.ruangan
(
    kode_rg character varying(25) NOT NULL,
    nama_rg text NOT NULL,
    lokasi text NOT NULL,
    kapasitas integer NOT NULL,
    kode_fk character varying(2) NOT NULL,
    CONSTRAINT ruangan_pkey PRIMARY KEY (kode_rg),
    CONSTRAINT ruangan_fkey FOREIGN KEY (kode_fk)
        REFERENCES public.fakultas (kode_fk) MATCH SIMPLE
        ON UPDATE NO ACTION
        ON DELETE NO ACTION
        NOT VALID
);

CREATE TABLE public.prodi
(
    kode_prodi character varying(25) NOT NULL,
    nama_prodi text NOT NULL,
    singkatan character varying(25) NOT NULL,
    kode_fk character varying(2) NOT NULL,
    CONSTRAINT prodi_pkey PRIMARY KEY (kode_prodi),
    CONSTRAINT prodi_kode_fk_fkey FOREIGN KEY (kode_fk)
        REFERENCES public.fakultas (kode_fk) MATCH SIMPLE
        ON UPDATE NO ACTION
        ON DELETE NO ACTION
        NOT VALID
);


CREATE TABLE public.mata_kuliah
(
    kode_mk character varying(10) NOT NULL,
    nama_mk text NOT NULL,
    semester integer NOT NULL,
    kode_prodi character varying(25) NOT NULL,
    CONSTRAINT mata_kuliah_pkey PRIMARY KEY (kode_mk),
    CONSTRAINT mata_kuliah_kode_prodi_fkey FOREIGN KEY (kode_prodi)
      REFERENCES public.prodi (kode_prodi) MATCH SIMPLE
      ON UPDATE NO ACTION
      ON DELETE NO ACTION
      NOT VALID
);


CREATE TABLE public.jadwal_kuliah
(
    kode_mk character varying(10) NOT NULL,
    jenis_kelas character varying(5) NOT NULL,
    hari text NOT NULL,
    jam character varying(25) NOT NULL,
    kode_rg character varying(25) NOT NULL,
    CONSTRAINT jadwa_kuliah_pkey PRIMARY KEY (kode_mk, jenis_kelas),
    CONSTRAINT jadwa_kuliah_kode_rg_fkey FOREIGN KEY (kode_rg)
        REFERENCES public.ruangan (kode_rg) MATCH SIMPLE
        ON UPDATE NO ACTION
        ON DELETE NO ACTION
        NOT VALID,
    CONSTRAINT jadwa_kuliah_kode_mk_fkey FOREIGN KEY (kode_mk)
        REFERENCES public.mata_kuliah (kode_mk) MATCH SIMPLE
        ON UPDATE NO ACTION
        ON DELETE NO ACTION
        NOT VALID
);


INSERT INTO fakultas
VALUES ('a','Fakultas Pertanian','8'),
('b','Sekolah Kedokteran Hewan dan Biomedis','1'),
('c','Fakultas Perikanan dan Ilmu Kelautan','7'),
('d','Fakultas Peternakan','2'),
('e','Fakultas Kehutanan','3'),
('f','Fakultas Teknologi Pertanian','6'),
('g','Fakultas Matematika dan Ilmu Pengetahuan Alam','10'),
('h','Fakultas Ekonomi dan Manajemen','8'),
('i','Fakultas Ekologi Manusia','4'),
('k','Sekolah Bisnis','1'),
('p','Multidisiplin','4'),
('l','Lainnya','0');


INSERT INTO ruangan
VALUES ('20 ARL 405 A','20 ARL 405 A','Wing 20 Level 4 Dept Arsitektur Lanskap','20','a'),
('20 ARL 405 B','20 ARL 405 B','Wing 20 Level 4 Dept Arsitektur Lanskap','20','a'),
('A00000BD','RK. Gedung Kuliah A','Antara NodeB-D-Exst Ftta, Gedung Faperta','285','a'),
('A0003B21','RK. OFAC 3 B2 (R. Pinus 1)','Antara Node D-E-F / 1 Gedung Faperta','120','a'),
('A0003B22','RK. OFAC 3 B2 (R. Pinus 2)','Antara Node D-E-F / 2 Gedung Faperta','120','a'),
('A0004B11','RK. OFAC 4 B11','Antara Node G-I-J Gedung Faperta','120','a'),
('A0004B12','RK. OFAC 4 B12','Antara Node F-H-I Gedung Faperta','120','a'),
('A000B1C1','RK. B1 - C1','Auditorium Bawah Faperta','120','a'),
('A000B1C2','RK. B1 - C2','Auditorium Bawah Faperta','120','a'),
('A000B1C3','RK. B1 - C3','Auditorium Bawah Faperta','120','a'),
('A000CKB1','RK. Cikabayan 1','Cikabayan 1','0','a'),
('A000CKB2','RK. Cikabayan 2','Cikabayan 2','0','a'),
('A000LKP1','RK. Leuwikopo 1','Leuwikopo 1','70','a'),
('A000LKP3','RK. Leuwikopo 3','Leuwikopo 3','70','a'),
('A0440404','RK. 8 AGR 404','Wing 8 / 4 Gedung Faperta','80','a'),
('A0630301','RK. HPT 301 A-B','Wing 6 / 3 Gedung Faperta','120','a'),
('A0830307','RK. 8 AGR 307','Wing 8 / 3 Gedung Faperta','80','a'),
('A10W5501','RK. 10 FAK 501 (ex Perpus FEM)','Wing 10 / 5 Gedung Faperta','140','a'),
('A144401A','RK. 14 FAC 401 A','Wing 14 / 4','0','a'),
('A144401B','RK. 14 FAC 401 B','Wing 14 / 4','0','a'),
('A144401C','RK. 14 FAC 401 C','Wing 14 / 4','0','a'),
('A153301A','RK. 15 TAN 301 A','Wing 15 / 3 Gedung Faperta','74','a'),
('A153301B','RK. 15 TAN 301 B','Wing 15 / 3 GEdung Faperta','91','a'),
('A164401A','RK. 16 FAC 401 A','Wing 16 / 4 Gedung Faperta','80','a'),
('A164401B','RK. 16 FAC 401 B','Wing 16 / Gedung Faperta','80','a'),
('A164401C','RK. 16 FAC 401 C','Wing 16 / 4 Gedung Faperta','80','a'),
('A164401D','RK. 16 FAC 401 D','Wing 16 / 4 Gedung Faperta','80','a'),
('A164401E','RK. 16 FAC 401 E','Wing 16 / Gedung Faperta','80','a'),
('LabKomp1','Lab. Komputer Faperta','Faperta','60','a'),
('Studio','Studio Desain 2 ARL','Lab Dept ARL','80','a'),
('A0001','RK. Pasca 3 PS-ENT','RK. Pasca 3 PS-ENT','20','a'),
('A0002','Ruang Kuliah Pasca 1- PS PHT','Ruang Kuliah Pasca 1- PS PHT','20','a'),
('A0003','RK Pasca 3 Dept. PTN','RK Pasca 3 Dept. PTN','20','a'),
('A0004','RK PASCA ARL 20 ARL 405 A','RK PASCA ARL 20 ARL 405 A','20','a'),
('A0005','RK. Pascasarjana-1 PS ITB','RK. Pascasarjana-1 PS ITB','20','a'),
('A0006','Ruang Kuliah Pasca 1 PS ENT','Ruang Kuliah Pasca 1 PS ENT','10','a'),
('B000BDH','RP. Bedah','FKH','60','b'),
('B000FKB1','RK. FKH.B1','Antara Node C-D Gedung FKH','150','b'),
('B000FKB2','RK FKH.B2','Antara Node C-D Gedung FKH','150','b'),
('B000FKHA','RK. FKH.A','Antara Node A-C Gedung FKH','250','b'),
('B000MEDI','RP Biomedis','FKH','30','b'),
('B000MOES','R. Moeslihoen-A','FKH','60','b'),
('B000MOES-B','R. Moeslihoen-B','FKH','60','b'),
('B000MOES-C','R. Moeslihoen-C','FKH','60','b'),
('B000RURR','RP. URR','FKH','30','b'),
('B000RURR-B','RP. URR-B','FKH','30','b'),
('B000RURR-C','RP. URR-C','FKH','30','b'),
('B001FARM','Lab. Farmasi-1','FKH','60','b'),
('B001FARM-2','Lab. Farmasi-2','FKH','60','b'),
('B00PROTO','Proto/helmin','FKH','40','b'),
('B013TRPD','RP. FKH-1A','Wing 1 / 3 FKH','75','b'),
('B013TRPD2','RP. FKH-1B','Wing 1 / 3 FKH','70','b'),
('B013TRPD3','RP. FKH-1C','Wing 1 / 3 FKH','70','b'),
('B014RRB2','RK. RRB.B2','45017','0','b'),
('B0220801','RP. Hewan Besar/Kecil','Wing 2 / 2 FKH','60','b'),
('B0220802','RP. Hewan Kecil. (PHK)','Wing 2 / 2 FKH','65','b'),
('B0220803','RP. Radiologi','Wing 2 / 2 FKH','30','b'),
('B0230805','Lab. Patologi Klinik','Wing 2 / 3 FKH','30','b'),
('B0240807','R. Seminar','Wing 2 / 4 FKH','40','b'),
('B032KLIN','RK. KLINIK','Wing 2 / 3 FKH','60','b'),
('B043PEPR','RP. REPRODUKSI','Wing 4 / 3 FKH','60','b'),
('B043REPR','RK. REPRODUKSI','Wing 4 / 3 FKH','60','b'),
('B051FARM','RK. FIFARM','Wing 5 / 1 FKH','60','b'),
('B051HLAB','Lab. Kandang He-Lab/RSH','RSH','60','b'),
('B051LFIF','RP. FIFARM','Wing 5 / 1 FKH','60','b'),
('B051LFIF2','RP. FIFARM-2','Wing 5 / 1 FKH','60','b'),
('B051LFIF3','RP. FIFARM-3','Wing 5 / 1 FKH','60','b'),
('B062KESM','RK. KITWAN & KESMAVET','Wing 6 / 2 FKH','60','b'),
('B062PKIT','RP. Kitwan 1','Wing 6 / 2 FKH','60','b'),
('B063PKIT','RP. Kitwan 2','Wing 6 / 2 FKH','60','b'),
('B072RKPT','RK. PARAPAT','Wing 7 / 2 FKH','60','b'),
('B072RPPT','RP. Parapat','Wing 7 / 2 FKH','60','b'),
('B083ANAT','RK. ANATOMI','Wing 8 / 3 FKH','60','b'),
('B0DIPDLM','Lab. Diagnostik (Bag. Penyakit dalam)','FKH','50','b'),
('B0PARAST','RK.Parasitologi','FKH','70','b'),
('B0XCYBER','RS. SIKAR','FKH','60','b'),
('LAB-CYBER2','LAB. Cyber Padi','Lt.4 FKH','100','b'),
('LABMSP01','Lab. Produktivitas dan Lingkungan Perairan','Departemen MSP','100','c'),
('LABIPBCC','Lab IPBCC','Gedung Perikanan Lantai 5','0','c'),
('LABIPBCC1','Laboratorium IPBCC','Gedung Perikanan Lantai 5','0','c'),
('C001RKA2','RK. A2 FPIK','Diantara wing 3, 5, dan 7 / 1 (Fak) FPIK','160','c'),
('C001RKB2','RK. B2','Wing 59/ 1 (Fak) FPIK','140','c'),
('C002RKA1','RK. A1','Diantara wing 48 dan 7 / 2 (Fak) FPIK','200','c'),
('C002RKB1','RK. B1','Diantara wing 12 dan 3 / 2 (Fak) FPIK','168','c'),
('C012RKC1','RK. C1','Wing 1/ 2 (Fak) FPIK','120','c'),
('C012RKC2','RK. C2','Wing 1/ 2 (Fak) FPIK','120','c'),
('C022RKC3','RK. C3','Wing 2 / 2 (Fak) FPIK','120','c'),
('C022RKC4','RK. C4','Wing 2 / 2 (Fak) FPIK','120','c'),
('C1110101','RS. IU. / 11.101','WING 11/1 (SEI) FPIK','60','c'),
('C1110102','RS. IU. / 11.102','WING 11/1 (SEI) FPIK','60','c'),
('C1110104','RS. IU. / 11.104','WING 11/1 (SEI) FPIK','60','c'),
('C123RBEN','Lab. R. Bengkel','WING 12/3 (BDP)','50','c'),
('C132RGAM','Lab. R. Gambar','WING 13/2 (BDP) FPIK','100','c'),
('C162RP21','RK. P21','Wing 16/ 2 (ITK) FPIK','120','c'),
('162RP22','RK. P22','Wing 16/ 2 (ITK) FPIK','60','c'),
('C162RP23','RK. P23','Wing 16/ 2 (ITK) FPIK','60','c'),
('C162RP24','RK. P24','Wing 16/ 2 (ITK) FPIK','60','c'),
('C162RP25','RK. P25','Wing 16/ 2 (ITK) FPIK','60','c'),
('C0002','R. eks Perpust Lt. 2 BDP','R. eks Perpust Lt. 2 BDP','20','c'),
('C0003','RD. SDP 1 (SDP)','RD. SDP 1 (SDP)','20','c'),
('C0004','RK. SDP 1 (SDP)','RK. SDP 1 (SDP)','20','c'),
('C0005','RK. SDP 2 (SDP)','RK. SDP 2 (SDP)','20','c'),
('C0006','Ruang Diskusi SPL Dept MSP (SPL)','Ruang Diskusi SPL Dept MSP (SPL)','20','c'),
('C0007','Ruang Kuliah Sandwich Dept MSP (SPL)','Ruang Kuliah Sandwich Dept MSP (SPL)','20','c'),
('C0008','Lab Inderaja (TEK)','Lab Inderaja (TEK)','20','c'),
('C0009','Lab Maritek (TEK)','Lab Maritek (TEK)','20','c'),
('C0010','RK Pasca 2 (ITK)','RK Pasca 2 (ITK)','20','c'),
('C0011','RK. J2 (THP)','RK. J2 (THP)','40','c'),
('C0012','RK. Pasca 1 (ITK)','RK. Pasca 1 (ITK)','20','c'),
('C0013','RK. Pasca 4 (ITK)','RK. Pasca 4 (ITK)','20','c'),
('C0014','Ruang Kuliah. PASCA TPL (TPL)','Ruang Kuliah. PASCA TPL (TPL)','50','c'),
('C0015','Ruang Trawler Pasca PSP','Ruang Trawler Pasca PSP','20','c'),
('D000GENE','Lab. Genetika Fapet','Fapet','30','d'),
('D001RA01','RK. A1 D Lantai 1','Antara Wing 7, 9, dan10 / 1 Fapet','176','d'),
('D002RA02','RK. A2 D Lantai 2','Antara Wing 5, 6, dan 8 / 2 Fapet','176','d'),
('D002RB01','RK. B1 D Lantai 2','Antara Wing 3, 4, dan 7 / 2 Fapet','150','d'),
('D002RB02','RK. B2 D Lantai 2','Antara Wing 1, 4, dan 5 / 2 Fapet','150','d'),
('D002RB03','RK. B3 D Lantai 2','Antr Wing 62 Fapet','150','d'),
('D062C9CA','RK. C9-C10 D Lantai 2','Wing 6 / 2 Gedung Fapet','100','d'),
('D062CBCC','RK. C11-C12 D Lantai 2','Wing 6 / 2 Gedung Fapet','100','d'),
('D091C1C2','RK. C1-C2 D Lantai 1','Wing 9 / 1 Gedung Fapet','100','d'),
('D091RC03','RK. C3D Lantai 1','Wing 9 / 1 Gedung Fapet','51','d'),
('D091RC04','RK. C4D Lantai 1','Wing 9 / 1 Gedung Fapet','52','d'),
('D101C5C6','RK. C5-C6D Lantai 1','Wing 10 / 1 Gedung Fapet','105','d'),
('D101C7C8','RK. C7-C8 D Lantai 1','Wing 10 / 1 Gedung Fapet','100','d'),
('D11002401','RK. 2 - 401','45018','0','d'),
('D-LAB001','Lab. Teknologi Pakan','Fak. Peternakan','50','d'),
('D-LAB002','Lab. Nutrisi Ternak Unggas ( NTU )','Fak. Peternakan','60','d'),
('D-LAB003','Lab. Agrostologi','Fak. Peternakan','60','d'),
('D-LAB004','Lab. Industri Pakan','Fak. Peternakan','50','d'),
('D-LAB005','Lab. Nutrisi Ternak Perah ( NTP )','Fak. Peternakan','60','d'),
('D-LAB006','Lab. Nutrisi Ternak Daging dan Kerja','Fak. Peternakan','60','d'),
('D-LAB007','Lab. Tek. Hasil Ternak','Fak. Peternakan Lt 3','60','d'),
('D-LAB008','Lab. Daging','Fak. Peternakan Lt 2','60','d'),
('D-LAB009','Lab. Genetika','Fak. Peternakan Lt 3','60','d'),
('D-LAB010','Lab. Unggas','Fak. Peternakan Lt 2','60','d'),
('D-LAB011','Lab. Domba','Fak. Peternakan','60','d'),
('D-LAB012','Lab. Lapang FAPET','Fak. Peternakan','60','d'),
('D-LAB013','Lab. Fisiologi (BFM)','Fak. Peternakan','60','d'),
('D-LAB014','Lab. produksi Perah','Fak. Peternakan','60','d'),
('D-LAB015','Lab. Reproduksi','Fak. Peternakan','60','d'),
('D-LAB016','Lab. Reproduksi Ruminansia Besar','Fak. Peternakan','60','d'),
('D-LAB017','Lab. Mikrobiologi Nutrisi','Fak. Peternakan','60','d'),
('D-SEM001','Ruang Seminar FAPET','Fak. Peternakan Lt 4','100','d'),
('0000A04','RK. A-4 (Gd. Poleksoshut Lt. 2)','ex. Faperikan','50','e'),
('E000AUD1','RK. Audi-1 (Auditorium 1)','Gedung Fahutan (EXS Gudang)','83','e'),
('E000AUD2','RK. Audi-2 (Auditorium 2)','Gedung ex. Gudang','0','e'),
('E000AUD3','RK. Audi-3 (Auditorium 3)','Gedung ex. Gudang','0','e'),
('E000AUD4','RK. Audi-4 (Auditorium 4)','Gedung ex. Gudang','0','e'),
('E000AUD5','RK.X-Audi (Auditorium 2-3)','Gedung Fahutan (EXS Gudang)','150','e'),
('E000DA3A','RK. Darmaga 3A','Gedung Rk. Darmaga (ex. Rk. TPB Darmaga)','0','e'),
('E000DA3B','RK. Darmaga 3B','Gedung Rk. Darmaga (ex. Rk. TPB Darmaga)','0','e'),
('E000DA4A','RK. Darmaga 4A','Gedung Rk. Darmaga (ex. Rk. TPB Darmaga)','0','e'),
('E000DA4B','RK. Darmaga 4B','Gedung Rk. Darmaga (ex. Rk. TPB Darmaga)','0','e'),
('E000DAR1','RK. Darmaga 1','Gedung Rk. Darmaga (ex. Rk. TPB Darmaga)','0','e'),
('E000DAR2','RK. Darmaga 2','Gedung Rk. Darmaga (ex. Rk. TPB Darmaga)','0','e'),
('E000EKOL','Lab. Ekol. Satwa Liar','Gedung KSH lantai 1','55','e'),
('E000G102','Lab. GPHH 102 (Ergonomi)','Gedung GPHH','40','e'),
('E000G103','Lab. GPHH 103 (Permanen Hasil Hutan)','Gedung GPHH','60','e'),
('E000G104','Lab. GPHH 104 (Pemanenan Hasil Hutan)','Gedung GPHH','40','e'),
('E000G105','Lab. GPHH 105 (Pemanenan Hasil Hutan)','Gedung GPHH','60','e'),
('E000GERG','Lab. Gergaji','Gedung Penggergajian','40','e'),
('E000INVN','Lab. Invent.','Fahutan','40','e'),
('E000KIM1','Lab. Kimia Kayu','Fahutan','40','e'),
('E000LBIO','Lab. Komputer Biometrika GU 309','Gedung Pusat Fahutan','40','e'),
('E000LPPU','Lab. LPPU (Potret Udara)','Gedung Foto Udara','60','e'),
('E000S105','Lab. SK 105 (Silvikultur)','Gedung Pusat Fahutan','50','e'),
('E000SILVA','RK. SILVA PERTAMINA','Fahutan','150','e'),
('E000SSK1','Lab. SSK-1','Fahutan','46','e'),
('E000SSK2','Lab. SSK-2','Gd. Fahutan (Sulvikultur)','45','e'),
('E000X021','RK. X.021','Fahutan','0','e'),
('E000X022','RK. X.022','Fahutan','0','e'),
('E000X031','RK. X.301','Fahutan','70','e'),
('E000X032','RK. X.302','Fahutan','70','e'),
('E000X033','RK. X.303','Fahutan','70','e'),
('E000X034','RK. X.304','Fahutan','72','e'),
('E000X035','RK. X.305','Fahutan','80','e'),
('E000X107','RK. X107','RK. baru Fahutan','0','e'),
('E000X202','RK. X202','RK. Baru Fahutan','150','e'),
('E000X203','RK. X203','RK. Baru Fahutan','0','e'),
('E001ABT1','RK. ABT-1 (Keruing)','Lantai 1, Gedung Fahutan','60','e'),
('E001ABT2','RK. ABT-2 (Kapur)','Lantai 1','0','e'),
('E001B101','Lab. BK 101 (Pengaruh Hutan )','(Gedung Biologi Kehutanan) Lt.1','50','e'),
('E001B102','Lab. BK 102 (Penyakit Hutan)','(Gedung Biologi Kehutanan) Lt.1','50','e'),
('E001B203','Lab. BK 203 (Ekologi Hutan)','(Gedung Biologi Kehutanan) Lt.2','65','e'),
('E002L201','RK. LG 201 (Gd. Geodesi Lt. 2/1)','Lantai 2 Fahutan','120','e'),
('E002L202','RK. LG 202 (Geodesi Lt. 2/2)','Lantai 2','0','e'),
('E003B301','Lab. BK 301 (Kebakaran Hutan)','(Gedung Biologi Kehutanan) Lt.3','70','e'),
('E003B303','Lab. BK 303 (Hama Hutan)','(Gedung Biologi Kehutanan) Lt.3','50','e'),
('E00GU201','RK. GU 201','Gedung Rk. Dekanat Lt.2 Fahutan','100','e'),
('E00GU301','Lab. GU 301','Fahutan','40','e'),
('E01GU301','RK. GU 301','Gedung Rk. Dekanat Lt.3 Fahutan','100','e'),
('E0001','Lab. Pengaruh (SVK)','Lab. Pengaruh (SVK)','20','e'),
('E0002','RS. Eboni (SVK)','RS. Eboni (SVK)','20','e'),
('E0003','RS. Gaharu (SVK)','RS. Gaharu (SVK)','20','e'),
('E0004','RS. Ulin (SVK)','RS. Ulin (SVK)','20','e'),
('E0005','Ruang Kuliah Melati Dept KSHE Gedung Lama (KVT)','Ruang Kuliah Melati Dept KSHE Gedung Lama (KVT)','20','e'),
('E0006','Ruang Percil, PS KVT','Ruang Percil, PS KVT','20','e'),
('E0007','Ruang Raflesia, Dept KSHE (KVT)','Ruang Raflesia, Dept KSHE (KVT)','20','e'),
('F0000PAU','RK. PAU','Lantai 2 Fateta','160','f'),
('F0000PAU2','RK. PAU-INT','Lantai 2 Fateta','40','f'),
('F0001PAU','RK. PAU 01. 1a','Lantai 1 Gedung Fateta','80','f'),
('F0002PAU','RK. PAU 01. 1b','Lantai 1 Gedung Fateta','80','f'),
('F0003PAU','RK. PAU 02.1','Fakultas','0','f'),
('F000LAB','Lab. mekanika Tanah','Dept. SIL','60','f'),
('F0010AMN','AMN','Lantai 1','200','f'),
('F0011010','RK. H101','Lantai 1(ex Perpustakaan) Gedung Fateta','130','f'),
('F001102A','RK. H102(a)','Lantai 1 Gedung Fateta','90','f'),
('F001102B','RK. H102(b)','Lantai 1 Gedung Fateta','90','f'),
('F001102C','RK. H102(c)','Lantai 1 Gedung Fateta','35','f'),
('F0011030','RK. H103','Lantai 1 Gedung Fateta','90','f'),
('F0012040','RK. H204','Lantai 1','0','f'),
('F001B102','RK. B102/103','Lantai 1 Gedung Fateta','184','f'),
('F001LAB','Lab. Komputer SIL','Dept. SIL','60','f'),
('F-B2041','R.Ketua dan Sekretaris Departemen','Gedung FATETA Wing F, Lantai 2','2','f'),
('F-B2042','Ruang Diskusi','Gedung FATETA Wing F, Lantai 2','4','f'),
('F-B2043','Ruang Tamu','Gedung FATETA Wing F, Lantai 2','4','f'),
('F-B2044','Ruang Sekretariat Departemen','Gedung FATETA Wing F, Lantai 2','4','f'),
('F-B2051','Ruang Sidang Departemen TIN','Gedung FATETA Wing F, Lantai 2','20','f'),
('F-B2052','Ruang Perlengkapan','Gedung FATETA Wing F, Lantai 2','1','f'),
('F-D201','Ruang UPT Akademik','Gedung FATETA Wing D Lantai 2','0','f'),
('FD310L01','Lab. L-1','Wing D3','30','f'),
('FD310L02','Lab. L-2','Wing D3','30','f'),
('FD410L03','Lab. L-3','Wing D4','25','f'),
('F-E302','Ruang Lab. Teknik Manajemen Lingkungan Industri','Gedung FATETA Wing E, Lantai 3','30','f'),
('F-E304','Ruang Lab.DIT-1','Gedung FATETA Wing E, Lantai 3','30','f'),
('F-E305','Ruang Lab.DIT-2','Gedung FATETA Wing E, Lantai 3','30','f'),
('FE41TIMB','Lab. R.Timbang','Wing E4','0','f'),
('F-F204','R.Ketua dan Sekretaris Departemen','Gedung FATETA Wing F, Lantai 2','2','f'),
('F-G302','Ruang Lab. Pengemasan','Gedung FATETA Wing G, Lantai 3','30','f'),
('F-G303','Ruang Lab. Teknologi Proses','Gedung FATETA Wing G, Lantai 3','30','f'),
('F-G305','Ruang Lab. Bioindustri','Gedung FATETA Wing G, Lantai 3','30','f'),
('F-G306','Ruang Lab. Instrument 2','Gedung FATETA Wing G, Lantai 3','0','f'),
('F-G401','R. Lab. Bisnis dan Aplikasi Industri','Gedung FATETA Wing G, Lantai 4','30','f'),
('F-G403','R. Dosen (Prof. Ono Suparno dan Dr. Prayoga Suryadarma)','Gedung FATETA Wing G, Lantai 4','2','f'),
('F-G404','R. Dosen (Prof. Suprihatin)','Gedung FATETA Wing G, Lantai 4','2','f'),
('F-G405','R. Dosen (Prof. Ani Suryani dan Dr. Titi Candra Sunarti)','Gedung FATETA Wing G, Lantai 4','2','f'),
('F-G407','R. Dosen (Dr. Indah Yuliasih, Dr. Purwoko dan Dr. Muslich)','Gedung FATETA Wing G, Lantai 4','3','f'),
('F-G409','R. Dosen (Dr. Sapta Raharja)','Gedung FATETA Wing G, Lantai 4','1','f'),
('F-G410','R. Dosen (Prof. Sukardi dan Prof. M. Romli)','Gedung FATETA Wing G, Lantai 4','2','f'),
('F-G411','R. Dosen (Dr. Sugiarto dan Dr. Ade Iskandar)','Gedung FATETA Wing G, Lantai 4','2','f'),
('F-G412','R. Dosen (Prof. Djumali)','Gedung FATETA Wing G, Lantai 4','1','f'),
('F-G413','R. Dosen (Dr. Endang Warsiki)','Gedung FATETA Wing G, Lantai 4','1','f'),
('F-G414','R. Dosen (Dr. Mulyorini dan Dr. Liesbetini)','Gedung FATETA Wing G, Lantai 4','2','f'),
('F-G415','R. Dosen (Dr. Andes Ismayana)','Gedung FATETA Wing G, Lantai 4','1','f'),
('F-G416','R. Dosen (Dr. M. Yani)','Gedung FATETA Wing G, Lantai 4','1','f'),
('F-G417','R. Dosen (Dr. Taufik Djatna dan Dr. Ika Amalia Kartika)','Gedung FATETA Wing G, Lantai 4','2','f'),
('F-G418','R. Dosen (Prof. Anas M. Fauzi)','Gedung FATETA Wing G, Lantai 4','1','f'),
('F-H202','Ruang Sekretariat Pascasarjana TIP','Gedung FATETA Wing H, Lantai 2','0','f'),
('F-H203','Ruang CDSAP','Gedung FATETA Wing H, Lantai 2','0','f'),
('F-H204','Ruang UPT Kepegawaian','Gedung FATETA Wing H, Lantai 2','0','f'),
('F-H301','Ruang Lab. Pengawasan Mutu','Gedung FATETA Wing H, Lantai 3','30','f'),
('F-H302','Ruang Lab. Instrument 1','Gedung FATETA Wing H, Lantai 3','0','f'),
('F-H303','Ruang Lab. Teknik dan Sistem Idustri','Gedung FATETA Wing H, Lantai 3','30','f'),
('F-H401','Ruang Lab. Komputer','Gedung FATETA Wing H, Lantai 4','30','f'),
('FSEMPAU','RS. PAU','Fakultas','0','f'),
('H203','Lab. Pengujian Departemen Teknologi Industri Pertanian','Fateta','6','f'),
('IPBF0101','RK. V 01 Lantai 1','Gedung Baru B','0','f'),
('IPBF0102','RK. V 02 Lantai 1','Gedung Baru B','0','f'),
('IPBF0201','RK. V 02.1','Wing Dept SIL Gedung Fateta','100','f'),
('IPBF0202','RK. V 02.2','Wing Dept SIL','0','f'),
('IPBF0203','RK. V 02.3','Wing Dept SIL Fateta','140','f'),
('IPBF0301','RK. V 03.1','Wing Dept SIL','0','f'),
('IPBF0302','RK. V 03.2','Wing Dept SIL','0','f'),
('IPBF0303','RK. V 03.3','Wing Dept SIL','0','f'),
('R. Pasca SIL 2','Ruang Pasca SIL 2','Kampus IPB Darmaga','0','f'),
('F0001','RK A304 (A) -lt 3 (TIN)','RK A304 (A) -lt 3 (TIN)','20','f'),
('F0002','RK A304 (B) lt 3 (TIN)','RK A304 (B) lt 3 (TIN)','20','f'),
('F0003','RK F-G401-PASCA TIN','RK F-G401-PASCA TIN','20','f'),
('F0004','RK PASCA TIN-Lab. Bisnis dan Aplikasi Industri','RK PASCA TIN-Lab. Bisnis dan Aplikasi Industri','30','f'),
('F0005','RK. AGRIN PASCA TIN - LT 3','RK. AGRIN PASCA TIN - LT 3','20','f'),
('F0006','RPPS TMB-3 (TPP)','RPPS TMB-3 (TPP)','20','f'),
('F0007','RPPS TMB-1 (TMP)','RPPS TMB-1 (TMP)','20','f'),
('G204SEMI','RK. 20 FAC 4','Wing 20 / 4 (ILKOM)','0','g'),
('G3RK001.1','RK BIO 1.1 Dept Biologi Lantai 1','Gedung Biologi Lantai 1','120','g'),
('G3RK001.2','RK BIO 1.2, Dept Biologi Lantai 1','Gedung Biologi Lantai 1','120','g'),
('G3RK001.3','Rk. Bio.1.3 Dept Biologi Lantai 1','Gedung Biologi lantai 1','60','g'),
('G3RK001.4','RK. Bio 1.4 Dept Biologi lantai 1','Gedung Biologi lantai 1','60','g'),
('G41KIMIA1','RK. KIMIA','DEPARTEMEN KIMIA','30','g'),
('G41KIMIA2','RK. KIMIA2','DEPARTEMEN KIMIA','60','g'),
('G6LAB01','Lab. 1 Kom','Departemen Ilkom','51','g'),
('G6LAB02','Lab. 2 Kom','Departemen Ilkom','50','g'),
('G6LAB03','Lab. NCC','Departemen Ilkom','45','g'),
('G6SERUNI','RK. Seruni 2 (Ilkom)','Ilkom','0','g'),
('IPBU0101','RK. U 1.01','Wing U Lantai 1 Gedung Baru A','0','g'),
('IPBU0102','RK. U 1.02','Wing U Lantai 1 Gedung Baru A','0','g'),
('IPBU0201','RK. U 2.01','Wing U Lantai 2','160','g'),
('IPBU0202','RK. U 2.02','Wing U Lantai 2','80','g'),
('IPBU0203','RK. U 2.03','Wing U Lantai 2','160','g'),
('IPBU0301','RK. U 3.01','Wing U Lantai 3','95','g'),
('IPBU0302','RK. U 3.02','Wing U Lantai 3','95','g'),
('IPBU0303','RK. U 3.03','Wing U Lantai 3','140','g'),
('G0001','Lab. BIK (BIK)','Lab. BIK (BIK)','20','g'),
('G0002','Laboratorium BIO 1','Laboratorium BIO 1','20','g'),
('G0003','Laboratorium BIO 3','Laboratorium BIO 3','20','g'),
('G0004','Laboratorium BIO 5','Laboratorium BIO 5','20','g'),
('G0005','Laboratorium BIO 6','Laboratorium BIO 6','20','g'),
('G0006','Laboratorium BIO 7','Laboratorium BIO 7','20','g'),
('G0007','RK Pasca BIO 1','RK Pasca BIO 1','10','g'),
('G0008','RK Pasca BIO 2','RK Pasca BIO 2','10','g'),
('G0009','RK Pasca BIO 3','RK Pasca BIO 3','10','g'),
('G0010','RK Pasca BIO 4','RK Pasca BIO 4','10','g'),
('G0011','RK. BIK 1 Lt. 2 Pasca','RK. BIK 1 Lt. 2 Pasca','90','g'),
('G0012','RK. BIK 2 Lt. 2','RK. BIK 2 Lt. 2','90','g'),
('G0013','RK. Pasca 2 Fitopatologi(FIT)','RK. Pasca 2 Fitopatologi(FIT)','20','g'),
('G0014','RK. Pasca Bio 5','RK. Pasca Bio 5','40','g'),
('G0015','RK. Pasca Bio 6','RK. Pasca Bio 6','20','g'),
('G0016','Ruang Kuliah Pasca Biokimia (BIK)','Ruang Kuliah Pasca Biokimia (BIK)','20','g'),
('G0017','RK Pasca 2 Dept GFM','RK Pasca 2 Dept GFM','20','g'),
('G0018','RK. Pasca 1 Dept GFM','RK. Pasca 1 Dept GFM','20','g'),
('A00000B1','RK. Gedung Kuliah B1','Lantai 1, ESL-FEM','0','h'),
('A042202A','RK. 4 AGB 202A','Wing 4 / 2 Gedung Faperta','120','h'),
('A042202B','RK. 4 AGB 202B','Wing 4 / 2 Gedung Faperta','60','h'),
('A0430301','RK. 4 AGB 301','Wing 4 / 3 Gedung Faperta','120','h'),
('A104401A','RK. ESL 10.401 A (Kenanga A)','Wing 10 / 4','0','h'),
('A104401B','RK. ESL 10 401 B (Kenanga B)','Wing 10 / 4','0','h'),
('A-SEMAGB','R. Seminar AGB','AGB','70','h'),
('H0RK0004','RK FEM 4.01-Gedung Baru FEM Lantai 4','Dekanat FEM Gedung Baru Lantai 4','110','h'),
('H0RK004','RK. Kuliah Lt.4','Dekanat FEM','0','h'),
('H2RK0031','RK. FEM 3.01 Gedung Baru FEM Lantai 3','Dept. Manajemen Gedung Baru FEM Lantai 3','120','h'),
('H2RK0032','RK FEM 3.02','Dept Manajemen Gedung Baru FEM Lantai 3','0','h'),
('H4RK0031','RK FEM 3.03-Gedung Baru FEM Lantai 3','Dept ESL Gedung Baru FEM Lantai 3','120','h'),
('H4RK0032','RK FEM 3.04','Dept ESL Gedung Baru FEM Lantai 3','0','h'),
('H5RK0031','RK. EKS 3.01 Gedung Baru FEM','Departemen Ekonomi Syariah Lantai 3 Gedung FEM Baru','100','h'),
('H5RK0032','RK. EKS 3.02 Gedung Baru FEM','Departemen Ekonomi Syariah Lantai 3 Gedung FEM Baru','100','h'),
('IPBW0401','RK. IPB W 4 4.01','Wing W Lantai 4 Gedung FEM Lama','111','h'),
('IPBW0402','RK. IPB W 4 4.02','Wing W Lantai 4 Gedung FEM Lama','50','h'),
('IPBW0403','RK. IPB W 4 4.03','Wing W Lantai 4 Gedung FEM Lama','130','h'),
('IPBW10 FEM','Ruang Kuliah Eks PS PWD','Gedung FEM Lama Wing 10 Lantai 4','120','h'),
('LAB-CYBER3','LAB.CYBER Jagung','Lt.2 FEM','30','h'),
('H0001','RK 4 AGB 402 PASCA AGB','RK 4 AGB 402 PASCA AGB','60','h'),
('H0002','RK MSA1 PASCA AGB','RK MSA1 PASCA AGB','20','h'),
('H0003','RK. FEM.3.00 (MAN)','RK. FEM.3.00 (MAN)','20','h'),
('A000GMKL','RK. GM Lecture Hall','Departemen GM-Gedung Fema','175','i'),
('A000GMSK','Auditorium Dept GM','Departemen GM-Gedung Fema','250','i'),
('A000LABP','Lab. Pengolahan Pangan','GMSK','30','i'),
('A011GM11','RK. IKK 1-1','Departemen IKK Gedung Fema','90','i'),
('A011GM12','RK. IKK 1-2','Departemen IKK Gedung Fema','75','i'),
('H1GIZ','Lecture Hall (LH)','Departemen Gizi Masyarakat','0','i'),
('I.201.01','R. Diskusi','Gedung FEMA W1 L2','12','i'),
('I.201.A','R. Dosen SKPM (Prof. Joko Susanto)','Gedung FEMA W1 L2','1','i'),
('I.201.B','R. Dosen SKPM (Prof. Pang Asngari)','Gedung FEMA W1 L2','1','i'),
('I.201.C','R. Dosen SKPM (Prof. Margono Slamet)','Gedung FEMA W1 L2','1','i'),
('I.201.D','R. Dosen SKPM (Dr. Soenarmo. MED)','Gedung FEMA W1 L2','1','i'),
('I.301.01','R. Dosen SKPM (Dr.Titik Sumarti MC. MS)','Gedung FEMA W1 L3','2','i'),
('I.301.02','R. Dosen SKPM (Dr.Ir. Soeryo Adiwibowo, Sohibuddin)','Gedung FEMA W1 L3','2','i'),
('I.301.03','R. Dosen SKPM (Dr. Nurmala K Panjaitan, MS. DEA)','Gedung FEMA W1 L3','2','i'),
('I.301.04','R. Dosen SKPM (Dr. Rilus A Kinseng, MA, Martua Sihaloho MS)','Gedung FEMA W1 L3','2','i'),
('I.301.05','R. Dosen SKPM (Ratri Virianita, S Sos, Msi, Heru Purwandari SP, Msi)','Gedung FEMA W1 L3','2','i'),
('I.301.06','R. Dosen SKPM (Dr.Ir. Satyawan Sunito, MA, Ir. Melani A Sunito, MSc)','Gedung FEMA W1 L3','2','i'),
('I.301.07','R. Jurnal SKPM','Gedung FEMA W1 L3','4','i'),
('I.301.08','R. Dosen SKPM (Dr. lala M Kolopaking, MS)','Gedung FEMA W1 L3','2','i'),
('I.301.09','R. Dosen Purnabakti SKPM','Gedung FEMA W1 L3','2','i'),
('I.301.10','R. Dosen SKPM (Prof. Dr. Ir. Endriatmo Soetarto, MA)','Gedung FEMA W1 L3','2','i'),
('I.301.11','R. Dosen SKPM (Dr. Ir. Ninuk Purnaningsih, MS dan DR. Ir. Siti Amanah)','Gedung FEMA W1 L3','2','i'),
('I.301.12','R. Dosen SKPM (Dr. Ir. Ekawati S Wahyuni, MA)','Gedung FEMA W1 L3','2','i'),
('I.301.13','R. Dosen SKPM (Noer fauzi dan Asisten)','Gedung FEMA W1 L3','2','i'),
('I.301.14','R. Dosen SKPM (Dr. Ir. Arya H Darmawan, MSc)','Gedung FEMA W1 L3','2','i'),
('I.301.16','R. Dosen SKPM (Dr. Ir.Amiruddin Saleh dan Asisten)','Gedung FEMA W1 L3','6','i'),
('I.301.17','R. Dosen SKPM (Ir. Hadiyanto, MS dan Ir. Sutisna Riyanto, MS)','Gedung FEMA W1 L3','2','i'),
('I.301.18','R. GUDANG A','Gedung FEMA W1 L3','0','i'),
('I.301.19','Toilet Pria','Gedung FEMA W1 L3','1','i'),
('I.301.20','R. Toilet Wanita','Gedung FEMA W1 L3','1','i'),
('I.301.21','R. Jaga','Gedung FEMA W1 L3','1','i'),
('I.301.22','R. Dapur','Gedung FEMA W1 L3','1','i'),
('I.301.23','R. Shaff A','Gedung FEMA W1 L3','1','i'),
('I.301.24','R. Shaf B','Gedung FEMA W1 L3','1','i'),
('I.301.25','Koridor','Gedung FEMA W1 L3','0','i'),
('I.301.26','Koridor','Gedung FEMA W1 L3','0','i'),
('I.313','R. Diskusi','Gedung FEMA W1 L3','18','i'),
('I.401.01','R. Dosen SKPM (Dr. Ir. Djuara P Lubis, MS)','Gedung FEMA W1 L4','2','i'),
('I.401.02','R. Dosen SKPM (Prof. Dr. Ir. Sumardjo, MS)','Gedung FEMA W1 L4','2','i'),
('I.401.03','R. Dosen SKPM (Dr. Ir. Sarwititi, MS)','Gedung FEMA W1 L4','2','i'),
('I.401.04','R. Dosen SKPM (Dr. Ir. Puji Muljono dan Dr. Hamzah)','Gedung FEMA W1 L4','2','i'),
('I.401.05','R. Dosen SKPM (Dr. Ir. Saharudin, MS dan Ir. Murdianto)','Gedung FEMA W1 L4','2','i'),
('I.401.06','R. Dosen SKPM (Prof. Dr. Ir. Aida V itayala Hubeis)','Gedung FEMA W1 L4','2','i'),
('I.401.07','R. Dosen SKPM (Dr. Sofyan Sjaf dan Dr. Ir Dwi Sadono, MS)','Gedung FEMA W1 L4','2','i'),
('I.401.08','R. Dosen SKPM (Ir. Fredian Tonny, MS dan Ir. Iman K Nawireja)','Gedung FEMA W1 L4','2','i'),
('I.401.09','R. Dosen SKPM (Ir. Nuraiani W Prasodjo, Msi dan Rina Mardiana)','Gedung FEMA W1 L4','2','i'),
('I.401.10','R. Dosen SKPM (Dr. Arif Satria, SP, MSi dan Dr. Ir. Ivanovich Agusta, MS)','Gedung FEMA W1 L4','2','i'),
('I.401.11','R. Dosen SKPM (Ir. Anna Fatchia dan Ir. Yatri Indah Kusumastuti)','Gedung FEMA W1 L4','2','i'),
('I.401.12','R. Dosen SKPM (Ir. Sugiah Mughnisyah, MS)','Gedung FEMA W1 L4','2','i'),
('I.401.13','R. Diskusi','Gedung FEMA W1 L4','18','i'),
('I.401.15','R. GUDANG A','Gedung FEMA W1 L4','0','i'),
('I.401.16','R. GUDANG B','Gedung FEMA W1 L4','0','i'),
('I.401.17','Toilet Pria','Gedung FEMA W1 L4','1','i'),
('I.401.18','R. Toilet Wanita','Gedung FEMA W1 L4','1','i'),
('I.401.19','Ruang Jaga','Gedung FEMA W1 L4','0','i'),
('I.401.20','R. Dapur','Gedung FEMA W1 L4','1','i'),
('I.401.21','R. Shaff A','Gedung FEMA W1 L4','1','i'),
('I.401.22','R. Shaff B','Gedung FEMA W1 L4','1','i'),
('I.401.23','Koridor','Gedung FEMA W1 L4','0','i'),
('I.401.24','Koridor B','Gedung FEMA W1 L4','0','i'),
('I.401.25','R. HIHASIERA','Gedung FEMA W1 L4','4','i'),
('I.414','R. Diskusi','Gedung FEMA W1 L4','50','i'),
('I.501.01','R. Kuliah Pasca 501','Gedung FEMA W1 L5','30','i'),
('I.501.02','R. Ujian 502','Gedung FEMA W1 L5','13','i'),
('I.501.03','R. Ujian 503','Gedung FEMA W1 L5','13','i'),
('I.501.04','R. Sekretariat PS. MPM dam PS. SPD','Gedung FEMA W1 L5','2','i'),
('I.501.05','R. Sekretariat Ps. PPN dan PS. KMP','Gedung FEMA W1 L5','2','i'),
('I.501.06','R. Sekretariat PS. S1 KPM','Gedung FEMA W1 L5','3','i'),
('I.501.07','R. Diskusi Dosen','Gedung FEMA W1 L5','9','i'),
('I.501.08','R. Sekretaris II','Gedung FEMA W1 L5','1','i'),
('I.501.09','R. Keuangan','Gedung FEMA W1 L5','3','i'),
('I.501.10','R. Rapat Program','Gedung FEMA W1 L5','9','i'),
('I.501.11','R. Sekretaris I','Gedung FEMA W1 L5','1','i'),
('I.501.13','R. Ketua Departemen','Gedung FEMA W1 L5','9','i'),
('I.501.141','R. Tunggu','Gedung FEMA W1 L5','6','i'),
('I.501.142','R. Kepala Tata Usaha','Gedung FEMA W1 L5','2','i'),
('I.501.15','Koridor dalam','Gedung FEMA W1 L5','0','i'),
('I.501.16','R. Musholala Wanita','Gedung FEMA W1 L5','3','i'),
('I.501.17','R. Toilet Wanita','Gedung FEMA W1 L5','1','i'),
('I.501.181','R. Dapur','Gedung FEMA W1 L5','1','i'),
('I.501.182','R. Dapur','Gedung FEMA W1 L5','1','i'),
('I.501.19','R. Shaff A','Gedung FEMA W1 L5','1','i'),
('I.501.20','R. Shaff B','Gedung FEMA W1 L5','0','i'),
('I.501.21','Koridor Luar','Gedung FEMA W1 L5','0','i'),
('I.501.22','R. Arsip da Sarpras','Gedung FEMA W1 L5','2','i'),
('I0001','RK 321 PASCA GIZI','RK 321 PASCA GIZI','20','i'),
('I0002','RK 324 PASCA GIZI','RK 324 PASCA GIZI','20','i'),
('I0003','RK. FEMA 305','RK. FEMA 305','30','i'),
('I0004','RK. KPM 510','RK. KPM 510','20','i'),
('I0005','Ruang Kuliah PS IKA','Ruang Kuliah PS IKA','20','i'),
('E000OR01','Gymnasium01','Gymnasium','500','l'),
('E000OR02','Gymnasium02','Gymnasium','300','l'),
('E000OR03','Gymnasium03','Gymnasium','300','l'),
('E000OR04','Gymnasium04','Gymnasium','300','l'),
('E000OR05','Gymnasium05','Gymnasium','300','l'),
('E000OR06','Gymnasium06','Gymnasium','300','l'),
('E000OR07','Gymnasium07','Gymnasium','300','l'),
('E000OR08','Gymnasium08','Gymnasium','300','l'),
('E000OR09','Gymnasium09','Gymnasium','300','l'),
('E000OR10','Gymnasium10','Gymnasium','300','l'),
('E000OR11','Gymnasium11','Gymnasium','300','l'),
('E000OR12','Gymnasium12','Gymnasium','300','l'),
('E000OR13','Gymnasium13','Gymnasium','300','l'),
('E000OR14','Gymnasium14','Gymnasium','300','l'),
('E000OR15','Gymnasium15','Gymnasium','300','l'),
('E000OR16','Gymnasium16','Gymnasium','300','l'),
('E000OR17','Gymnasium17','Gymnasium','300','l'),
('E000OR18','Gymnasium18','Gymnasium','300','l'),
('E000OR19','Gymnasium19','Gymnasium','300','l'),
('E000OR20','Gymnasium20','Gymnasium','300','l'),
('E000OR21','Gymnasium21','Gymnasium','300','l'),
('E000OR22','Gymnasium22','Gymnasium','300','l'),
('E000OR23','Gymnasium23','Gymnasium','300','l'),
('E000OR24','Gymnasium24','Gymnasium','300','l'),
('E000OR25','Gymnasium25','Gymnasium','300','l'),
('E000OR26','Gymnasium26','Gymnasium','300','l'),
('E000OR27','Gymnasium27','Gymnasium','300','l'),
('E000OR28','Gymnasium28','Gymnasium','300','l'),
('E000OR29','Gymnasium29','Gymnasium','300','l'),
('E000OR30','Gymnasium30','Gymnasium','300','l'),
('E000ORG1','Gymnasium31','Area Gedung Olahraga Baru','500','l'),
('E000ORG2','Gymnasium32','Area Gedung Olahraga Baru','500','l'),
('E000ORG3','Gymnasium33','Area Gedung Olahraga Baru','500','l'),
('E000ORG4','Gymnasium34','Area Gedung Olahraga Baru','500','l'),
('GLS3MKDU','RK MKDU','Gedung LSI Lt. 3','100','l'),
('GLS3MKDU1','RK MKDU 1','Gedung LSI Lt. 1','50','l'),
('GLS3MKDU2','RK MKDU 2','Gedung LSI Lt. 1','50','l'),
('H001REK1','RK. H (Rek 1)','Wing Rektorat Lt. 1','0','l'),
('H002REK2','RK. H (Rek 2)','Wing Rektorat Lt. 2','0','l'),
('H003REK3','RK. H (Rek 3)','Wing Rektorat Lt. 4','0','l'),
('H004REK4','RK. H (Rek 4)','Wing Rektorat Lt. 4','0','l'),
('H004REK5','RK. H (Rek 5)','Wing Rektorat Lt. 4','0','l'),
('H004REK6','RK. H (Rek 6)','Wing Rektorat Lt. 4','0','l'),
('ICCR101','RK. CCR 1.01','Gd.Baru Common Class Room Lt. 1','180','l'),
('ICCR102','RK. CCR 1.02','Gd.Baru Common Class Room Lt. 1','180','l'),
('ICCR103','RK. CCR 1.03','Gd.Baru Common Class Room Lt. 1','135','l'),
('ICCR104','RK. CCR 1.04','Gd.Baru Common Class Room Lt. 1','135','l'),
('ICCR105','RK. CCR 1.05','Gd.Baru Common Class Room Lt. 1','135','l'),
('ICCR106','RK. CCR 1.06','Gd.Baru Common Class Room Lt. 1','135','l'),
('ICCR107','RK. CCR 1.07','Gd.Baru Common Class Room Lt. 1','180','l'),
('ICCR108','RK. CCR 1.08','Gd.Baru Common Class Room Lt. 1','135','l'),
('ICCR109','RK. CCR 1.09','Gd.Baru Common Class Room Lt. 1','135','l'),
('ICCR110','RK. CCR 1.10','Gd.Baru Common Class Room Lt. 1','135','l'),
('ICCR201','RK. CCR 2.01','Gd.Baru Common Class Room Lt. 2','135','l'),
('ICCR202','RK. CCR 2.02','Gd.Baru Common Class Room Lt. 2','135','l'),
('ICCR203','RK. CCR 2.03','Gd.Baru Common Class Room Lt. 2','135','l'),
('ICCR204','RK. CCR 2.04','Gd.Baru Common Class Room Lt. 2','135','l'),
('ICCR205','RK. CCR 2.05','Gd.Baru Common Class Room Lt. 2','135','l'),
('ICCR206','RK. CCR 2.06','Gd.Baru Common Class Room Lt. 2','135','l'),
('ICCR207','RK. CCR 2.07','Gd.Baru Common Class Room Lt. 2','180','l'),
('ICCR208','RK. CCR 2.08','Gd.Baru Common Class Room Lt. 2','180','l'),
('ICCR209','RK. CCR 2.09','Gd.Baru Common Class Room Lt. 2','135','l'),
('ICCR210','RK. CCR 2.10','Gd.Baru Common Class Room Lt. 2','135','l'),
('ICCR211','RK. CCR 2.11','Gd.Baru Common Class Room Lt. 2','135','l'),
('ICCR212','RK. CCR 2.12','Gd.Baru Common Class Room Lt. 2','135','l'),
('ICCR213','RK. CCR 2.13','Gd.Baru Common Class Room Lt. 2','135','l'),
('ICCR214','RK. CCR 2.14','Gd.Baru Common Class Room Lt. 2','135','l'),
('ICCR215','RK. CCR 2.15','Gd.Baru Common Class Room Lt. 2','135','l'),
('ICCR216','RK. CCR 2.16','Gd.Baru Common Class Room Lt. 2','135','l'),
('ICCRAUD','Auditorium CCR','Gd.Baru TPB','600','l'),
('LAB-CYBER1','LAB.Cyber Singkong','Lt 2 Perpustakaan','200','l'),
('LOBBYREK','Lobby Rektorat','Lobby Rektorat Lt. 2','0','l'),
('PPS-R302','RK. Pasca 302','Gedung Pasca Lt.3','50','l'),
('PPS-R305','RK. Pasca 305','Gedung Pasca Lt.3','50','l'),
('PPS-R306','RK. Pasca 306','Gedung Pasca Lt.3','50','l'),
('PPS-R403','RK. Pasca 403','Gedung Pasca Lt.4','50','l'),
('PPS-R404','RK. Pasca 404','Gedung Pasca Lt.4','50','l'),
('PPS-R405','RK. Pasca 405','Gedung Pasca Lt.4','70','l'),
('TLRKU001','RK. Teaching LAB TPB.1.01','Teaching Lab Lt.1','180','l'),
('TLRKU002','RK. Teaching LAB TPB.2','Teaching Lab Lt.2','180','l'),
('TLRKU003','RK. Teaching LAB TPB.2.1','Teaching Lab Lt.2','5','l'),
('TLRKU004','RK. Teaching LAB TPB.2.2','Teaching Lab Lt.2','70','l'),
('TLRKU005','RK. Teaching LAB TPB.2.3','Teaching Lab Lt.2','70','l'),
('TLRKU006','RK. Teaching LAB TPB.2.4','Teaching Lab Lt.2','70','l'),
('TLRKU007','RK. Teaching LAB TPB.2.5','Teaching Lab Lt.2','80','l'),
('TPBKIMO1','Lab Kimia - 1','Wing R','65','l'),
('TPBLBIO1','Lab Biologi - 1','Wing R','65','l'),
('TPBLBIO2','Lab Biologi - 2','Wing R','65','l'),
('TPBLFIS1','Lab Fisika - 1','Wing R','65','l'),
('TPBLFIS2','Lab Fisika - 2','Wing R','65','l'),
('TPBLKIM1','Lab Kimia - 1','Wing R','65','l'),
('TPBLKIM2','Lab Kimia - 2','Wing R','65','l'),
('X000AGI1','Masjid Al-Hurriyyah','IPB Darmaga','500','l'),
('X000AGI2','Masjid Al-Hurriyyah','IPB Darmaga','300','l'),
('X000AGI3','Masjid Al-Hurriyyah','IPB Darmaga','300','l'),
('X000AGI4','Masjid Al-Hurriyyah','IPB Darmaga','300','l'),
('X000ALSI','Auditorium LSI','Lantai 1 Gedung Perpustakaan','150','l'),
('X000MASJ','Masjid Al-Hurriyyah','IPB Darmaga','500','l'),
('X000PIP1','RK. PIP 1 (MID 1)','Perpustakaan Lt 1','50','l'),
('X000PIP2','RK. PIP 2 (MID 2)','Perpustakaan Lt 1','50','l'),
('X000RK01','RK. Wisma Pinus 1','Depan GOR Lama','0','l'),
('X000RK02','RK. Wisma Pinus 2','Fakultas Pertanian/Sylvalestrasi, Depan GOR Lama','0','l'),
('X000RK03','RK. Wisma Pinus 3','Fakultas Pertanian/Sylvalestrasi, Depan GOR Lama','0','l'),
('X001ALSI','RK. Perpustakaan','Perpustakaan IPB Lt.4 dekat Cyber Singkong','0','l'),
('X-AMARI1','RK. Eks. Asrama Silvasari 1','Depan GOR Lama','0','l'),
('X-AMARI2','RK. Eks. Asrama Silvasari 2','Depan GOR Lama','0','l'),
('ISTR201','RK. A. SATARI 02.01','Gedung Fakultas Kedokteran lantai 2','60','l'),
('ISTR203','RK. A. SATARI 02.03','Gedung Fakultas Kedokteran lantai 2','30','l'),
('ISTR204','RK. A. SATARI 02.04','Gedung Fakultas Kedokteran lantai 2','40','l'),
('ISTR205','RK. A. SATARI 02.05','Gedung Fakultas Kedokteran lantai 2','60','l'),
('ISTR209','RK. A. SATARI 02.09','Gedung Fakultas Kedokteran lantai 2','26','l'),
('ISTR210','RK. A. SATARI 02.10','Gedung Fakultas Kedokteran lantai 2','26','l'),
('ISTR211','RK. A. SATARI 02.11','Gedung Fakultas Kedokteran lantai 2','70','l'),
('ISTR304','RK. A. SATARI 03.04','Gedung Fakultas Kedokteran lantai 3','40','l'),
('ISTR306','RK. A. SATARI 03.06','Gedung Fakultas Kedokteran lantai 3','40','l'),
('ISTR307','RK. A. SATARI 03.07','Gedung Fakultas Kedokteran lantai 3','40','l'),
('ISTR308','RK. A. SATARI 03.08','Gedung Fakultas Kedokteran lantai 3','45','l'),
('ISTR309','RK. A. SATARI 03.09','Gedung Fakultas Kedokteran lantai 3','40','l'),
('ISTR311','RK. A. SATARI 03.11','Gedung Fakultas Kedokteran lantai 3','40','l'),
('L0001','R. DURIAN SEAFAST (Kampus IPB Baranang Siang)','R. DURIAN SEAFAST (Kampus IPB Baranang Siang)','20','l'),
('L0002','R.Markisa','R.Markisa','20','l'),
('L0003','RK. Delima','RK. Delima','30','l'),
('L0004','RK. KEPODANG','RK. KEPODANG','30','l'),
('L0005','RK. RIAU 2','RK. RIAU 2','22','l'),
('L0006','Ruang Belimbing 1 Seafast Kampus BS (PTP)','Ruang Belimbing 1 Seafast Kampus BS (PTP)','20','l'),
('L0007','Ruang Diskusi SPL (SPL)','Ruang Diskusi SPL (SPL)','20','l'),
('L0008','Ruang Kuliah PS BTK','Ruang Kuliah PS BTK','20','l'),
('L0009','Ruang Handliner','Ruang Handliner','10','l');


INSERT INTO prodi
VALUES ('A151','Ilmu Tanah','TNH','a'),
('A156','Ilmu Perencanaan Wilayah','PWL','a'),
('A251','Ilmu dan Teknologi Benih','ITB','a'),
('A252','Agronomi dan Holtikultura','AGH','a'),
('A253','Pemuliaan dan Bioteknologi Tanaman','PBT','a'),
('A351','Entomologi','ENT','a'),
('A353','Pengendalian Hama Terpadu','PHT','a'),
('A451','Arsitektur Lanskap','ARL','a'),
('B351','Ilmu Biomedis Hewan','IBH','b'),
('C151','Ilmu Akuakultur','AKU','c'),
('C251','Pengelolaan Sumber Daya Perairan','SDP','c'),
('C252','Pengelolaan Sumberdaya Pesisir dan Lautan','SPL','c'),
('C351','Teknologi Hasil Perairan','THP','c'),
('C453','Teknologi Perikanan Laut','TPL','c'),
('C551','Ilmu Kelautan','IKL','c'),
('C552','Teknologi Kelautan','TEK','c'),
('D151','Ilmu Produksi dan Teknologi Peternakan','ITP','d'),
('D251','Ilmu Nutrisi dan Pakan','INP','d'),
('E251','Ilmu dan Teknologi Hasil Hutan','THH','e'),
('E351','Konservasi Biodiversitas Tropika','KVT','e'),
('E451','Silvikultur Tropika','SVK','e'),
('F151','Teknik Pertanian dan Biosistem','TPB','f'),
('F152','Teknologi Pascapanen','TPP','f'),
('F251','Ilmu Pangan','IPN','f'),
('F252','Teknologi Pangan','TPN','f'),
('F351','Teknik Industri Pertanian','TIP','f'),
('F451','Teknik Sipil dan Lingkungan','SIL','f'),
('G151','Statistika dan Sains Data','STA','g'),
('G251','Klimatologi Terapan','KLI','g'),
('G351','Mikrobiologi','MIK','g'),
('G352','Biosains Hewan','BSH','g'),
('G353','Biologi Tumbuhan','BOT','g'),
('G451','Kimia','KIM','g'),
('G551','Matematika Terapan','MAT','g'),
('G651','Ilmu Komputer','KOM','g'),
('G751','Biofisika','BFS','g'),
('G851','Biokimia','BIK','g'),
('H051','Ilmu Perencanaan Pembangunan Wilayah dan Pedesaan','PWD','h'),
('H052','Manajemen Pembangunan Daerah','MPD','h'),
('H151','Ilmu Ekonomi','EKO','h'),
('H251','Ilmu Manajemen','MAN','h'),
('H351','Sains Agribisnis','AGB','h'),
('H451','Ekonomi Sumberdaya dan Lingkungan','ESL','h'),
('H453','Ilmu Ekonomi Pertanian','EPN','h'),
('H454','Ekonomi Kelautan Tropika','EKT','h'),
('I154','Ilmu Gizi','GIZ','i'),
('I251','Ilmu Keluarga dan Perkembangan Anak','IKA','i'),
('I352','Komunikasi Pembangunan Pertanian dan Pedesaan','KMP','i'),
('I353','Sosiologi Pedesaan','SPD','i'),
('K151','Manajemen dan Bisnis','MB ','k'),
('P051','Bioteknologi','BTK','p'),
('P052','Ilmu Pengelolaan Sumberdaya Alam dan Lingkungan','PSL','p'),
('P054','Pengembangan Industri Kecil Menengah','MPI','p'),
('P055','Logistik Agro-Maritim','LOG','p');


INSERT INTO mata_kuliah
VALUES ('TNH1503','Topik khusus 1','2','A151'),
('TNH1602','Pengelolaan Sumberdaya Lahan','2','A151'),
('TNH1605','Topik Khusus 3','2','A151'),
('PWL1607','Dinamika Agraria, Sosial dan Administrasi Pertanahan','2','A151'),
('TNH1601','Metodologi Penelitian','2','A151'),
('TNH1511','Proses-proses Tanah','2','A151'),
('TNH1522','Kesuburan Tanah Lanjut','2','A151'),
('TNH1606','Topik Khusus 4','2','A151'),
('TNH1612','Evaluasi Lahan','2','A151'),
('TNH1632','Konservasi Tanah dan Air lanjut','2','A151'),
('TNH1607','Topik Khusus 5','2','A151'),
('TNH1642','Ekologi Tanah Lanjut','2','A151'),
('TNH1514','Teknologi Remediasi dan Bahan Amelioran','2','A151'),
('TNH1541','Pengomposan Limbah Pertanian','2','A151'),
('TNH1633','Ekohidrologi dan Pengelolaan Sumberdaya Air Berkelanjutan','2','A151'),
('TNH1621','Pergerakan Hara dalam Sistem Tanah Tanaman','2','A151'),
('PWL1563','Perencanaan Sarana dan Prasarana Wilayah','2','A156'),
('PWL1604','Kebencanaan Alam dan Mitigasi','2','A156'),
('PWD1503','Sistem Spasial Ekonomi Wilayah','2','A156'),
('PWL1651','Penginderaan Jauh dan Sensor Darat','2','A156'),
('PWL1606','Pengelolaan Resiko Bencana','2','A156'),
('PWL1608','Pemelajaran Mesin dan Mahadata Spasial','2','A156'),
('PWL1601','Metodologi Penelitian Spasial','2','A156'),
('PWL1654','Pemodelan Geospasial','2','A156'),
('PWL1565','Teknik Valuasi Ekonomi Sumberdaya Wilayah','2','A156'),
('PWL1631','Pengelolaan DAS','2','A156'),
('TNH1635','Permodelan DAS dan Jasa Ekosistem','2','A156'),
('PWL1532','Ketahanan Air','2','A156'),
('PWL1605','Kerentanan dan Kapasitas Sosial Kebencanaan','2','A156'),
('PWL1531','Konservasi dan Pengelolaan Ekosistem Khusus','2','A156'),
('PWL1603','Teknik Analisis Geospasial','2','A156'),
('PTN1504','Metodologi Penelitian dan Penulisan Ilmiah','2','A251'),
('ENT1601','Sistem Pengendalian Hama Terpadu','2','A251'),
('FIT1627','Patogenesis Tumbuhan dan Respon Tanaman Inang','2','A251'),
('FIT1623','Bakteri Patogen Tumbuhan','2','A251'),
('FIT1624','Cendawan Patogen Tumbuhan','2','A251'),
('FIT1625','Nematoda Patogen Tumbuhan','2','A251'),
('FIT1626','Virologi Patogen Tumbuhan','2','A251'),
('FIT1629','Patologi Benih','2','A251'),
('FIT1653','Bioekologi Mikroba Endofit','2','A251'),
('FIT1628','Epidemiologi Penyakit Tumbuhan','2','A251'),
('ENT1501','Pestisida dalam Pertanian','2','A251'),
('AGH1628','Fisiologi Cekaman Bagi Tanaman','1','A252'),
('AGH1602','Ekofisiologi Tanaman Tropika','1','A252'),
('AGH1624','Fisiologi Pasca Panen','1','A252'),
('AGH1642','Pengembangan Produksi Tanaman','1','A252'),
('AGH1501','Metodologi Penelitian','1','A252'),
('AGH1626','Metabolisme Tanaman Lanjut','1','A252'),
('AGH162E','Pengelolaan Limbah untuk Pertanian','1','A252'),
('AGH1503','Hortikultura Lanjut','1','A252'),
('PBT1501','Analisis Genetik Tanaman','2','A253'),
('PBT1636','Teknik Laboratorium dalam Bioteknologi Tanaman','1','A253'),
('PBT1611','Genetika Kuantitatif','1','A253'),
('PBT1602','Pemuliaan Tanaman','1','A253'),
('PBT1633','Rekayasa Genetika Tanaman','1','A253'),
('PBT1615','Pemuliaan Mutasi','1','A253'),
('PBT1603','Analisis Seluler dalam Pemuliaan Tanaman','1','A253'),
('PBT1635','Biologi dan Fisiologi Sel Tanaman','1','A253'),
('PBT1604','Metode Penelitian dan Publikasi Ilmiah','1','A253'),
('ENT1616','Patologi Serangga','2','A351'),
('PHT1537','Pengendalian Terpadu Hama dan Penyakit Tanaman Perkebunan','2','A351'),
('ENT1641','Serangga Berguna dalam Pertanian dan Lingkungan','2','A351'),
('ENT1533','Pengendalian Hayati Hama dan Penyakit Tumbuhan','2','A351'),
('PHT1538','Ilmu dan Manajemen Vertebrate Hama','2','A351'),
('ENT1613','Pengendalian Hayati Hama Tumbuhan','2','A351'),
('PHT1534','Pengendalian Terpadu Hama Gudang, Industri, dan Permukiman','2','A351'),
('ENT1602','Topik Khusus 1/ Capita Selecta','2','A351'),
('PHT1503','Biometrika Hama dan Penyakit Tumbuhan','2','A353'),
('PHT1533','Pengendalian Hayati Hama dan Penyakit Tumbuhan','2','A353'),
('PHT1535','Ilmu Vertebrata Hama','2','A353'),
('PHT1651','Aplikasi Biomolekuler dalam Entomologi dan Fitopatologi','2','A353'),
('PHT1521','Ilmu Penyakit Tumbuhan','2','A353'),
('PHT1531','Ilmu Hama Tumbuhan','2','A353'),
('ARL1636','Kajian dan Pelestarian Lanskap Budaya','2','A451'),
('ARL1501','Metodologi Penelitian Arsitektur Lanskap Lanjut','2','A451'),
('ARL1513','Desain Lanskap Lanjut','2','A451'),
('ARL1603','Analisis dan Pemodelan Lanskap','2','A451'),
('ARL1626','Ruang Terbuka Hijau Tematik','2','A451'),
('ARL1611','Perencanaan Lanskap Kawasan Wisata','2','A451'),
('ARL1633','Ekologi Lanskap','2','A451'),
('ARL1602','Proyek Studio Arsitektur Lanskap Berkelanjutan','2','A451'),
('ARL1635','Lanskap Perdesaan dan Pertanian','2','A451'),
('ARL1625','Pohon Lanskap Perkotaan','2','A451'),
('SVB156A','Radiologi Veteriner Lanjut','2','B351'),
('SVB1533','Epidemiologi','2','B351'),
('SVB1505','Topik Khusus Peminatan II','2','B351'),
('SVB154A','Penyakit infeksius baru dan berulang','2','B351'),
('SVB1553','Sitologi Reproduksi','2','B351'),
('SVB1551','Fisiologi dan Endokrinologi Reproduksi','2','B351'),
('SVB1569','Anestesi Veteriner Lanjut','2','B351'),
('SVB1564','Interaksi Obat dalam Farmasi Veteriner','2','B351'),
('SVB1543','Imunologi Seluler dan Molekuler','2','B351'),
('SVB1522','Teknik Parasitologi','2','B351'),
('SVB1565','Penyakit Dalam Khusus','2','B351'),
('SVB1627','Imunoparasitologi Parasit','2','B351'),
('SVB1556','Inseminasi Buatan','2','B351'),
('SVB156D','Kultur Jaringan dan Analisa Genetika','2','B351'),
('SVB1513','Fisiologi Komparatif','2','B351'),
('SVB1595','Topik Khusus Tugas Akhir I','2','B351'),
('SVB1552','Diagnostik dan Instrumentasi Kedokteran','2','B351'),
('SVB1561','Bioetika dan Hewan Laboratorium','2','B351'),
('SVB151C','Farmakologi Imunomodulator, Antikanker, dan Antimikrob','2','B351'),
('SVB1557','Manajemen Reproduksi','2','B351'),
('SVB1626','Parasitik Zoonotik','2','B351'),
('STA1515','Statistika untuk Ilmu-ilmu Kesehatan','2','B351'),
('SVB1625','Pengendalian Helminth dan Protozoa Parasitik','2','B351'),
('SVB1596','Topik Khusus Tugas Akhir II','2','B351'),
('SVB1555','Kesehatan dan Penyakit Reproduksi','2','B351'),
('SVB1634','Kesejahteraan Hewan dan Kehalalan Produk Hewan','2','B351'),
('SVB1562','Patofisiologi','2','B351'),
('SVB1545','Prinsip dan Penerapan Keselamatan dan Keamanan Hayati','2','B351'),
('SVB156C','Mikrofotografi dan Digital Patologi','2','B351'),
('SVB1566','Klinik & Kimia Klinik Eksperimental','2','B351'),
('SVB1563','Patogenesis Penyakit','2','B351'),
('SVB1541','Epizootiologi dan Analisis Risiko','2','B351'),
('SVB1521','Bioekologi dan Klasifikasi Parasit','1','B351'),
('SVB1554','Transfer Embrio dan Fertilisasi in vitro','2','B351'),
('SVB1535','Kesehatan Lingkungan','2','B351'),
('SVB1534','Higiene Pangan dan Sanitary','2','B351'),
('SVB154G','Bioinformatika Medik','2','B351'),
('SVB1503','Biomedis Veteriner','2','B351'),
('SVB1628','Patofisiologi Helminth dan Protozoa Parasitik','2','B351'),
('SVB151A','Analisis Khasiat dan Keamanan Bahan Alam','2','B351'),
('SVB1568','Bedah Eksperimental','2','B351'),
('SVB1502','Filsafat Ilmu Kesehatan','2','B351'),
('SVB154E','Antibiotika dan Mekanisme Kerja','2','B351'),
('SVB1501','Metodologi Penelitian Biomedis','2','B351'),
('SVB1546','Teknik Produksi dan Evaluasi Bahan Biologik','2','B351'),
('AKU1651','Engineering Ekologi Akuakultur','2','C151'),
('AKU1621','Fisiologi Reproduksi Vertebrata Air','2','C151'),
('AKU1641','Patologi Ikan','2','C151'),
('AKU1623','Ilmu dan Teknologi Hatchery Akuakultur','2','C151'),
('AKU1522','Fisiologi dan Tingkah Laku Larva','2','C151'),
('AKU1691','Kolokium','2','C151'),
('AKU1642','Imunoteknologi Akuakultur','2','C151'),
('AKU1501','Metode Penelitian Akuakultur','2','C151'),
('AKU1622','Genetika dan Seleksi Ikan','2','C151'),
('AKU1611','Pengembangan Akuakultur Berkelanjutan','2','C151'),
('AKU1612','Manajemen Bisnis dan Regulasi Akuakultur','2','C151'),
('AKU1632','Teknologi Pakan Akuakultur','2','C151'),
('AKU1631','Bioenergetika Ikan','2','C151'),
('AKU1652','Toksikologi Akuakultur','2','C151'),
('SDP1526','Pengelolaan Spesies Asing Invasif','2','C251'),
('SDP1524','Ekobiologi Krustasea dan Moluska','2','C251'),
('SDP1523','Ekobiologi Ikan','2','C251'),
('SDP1521','Biodiversitas dan Konservasi Perairan','1','C251'),
('SDP1623','Mammalogi dan Herpetologi','2','C251'),
('SDP1502','Pengelolan Sumberdaya Perairan dan Perikanan','2','C251'),
('SDP1501','Metode Penelitian','1','C251'),
('SDP1512','Produktivitas Perairan','2','C251'),
('SDP1525','Ekobiologi Larva Akuatik','2','C251'),
('SDP1636','Genetika Populasi dan Molekuler','2','C251'),
('SDP1615','Pengelolaan Danau dan Waduk','2','C251'),
('SDP1621','Ekotoksikologi Perairan Lanjutan','2','C251'),
('SDP1522','Ekofisiologi Hewan Air','1','C251'),
('SDP1513','Eutrofikasi Perairan','2','C251'),
('SDP1622','Ekofisiologi Hewan Air Lanjutan','2','C251'),
('SDP1628','Konservasi Sumberdaya Ikan','2','C251'),
('SDP1631','Model dan Simulasi Perikanan','2','C251'),
('SDP1527','Konservasi Mamalia dan Herpetofauna','2','C251'),
('SDP1503','Dinamika Populasi dan Ekosistem Perairan','1','C251'),
('SDP1633','Pengkajian Stok Ikan','2','C251'),
('SDP1514','Pengelolan Pencemaran Perairan','2','C251'),
('SDP1611','Benthologi','2','C251'),
('SPL1613','Perencanaan Spasial Pesisir dan Laut','2','C252'),
('SPL1637','Pengelolaan Pulau-Pulau Kecil','2','C252'),
('SPL1621','Sistem Ekologi Pesisir dan Laut','1','C252'),
('SPL1638','Sistem Sosial-Ekologi Sumberdaya Pesisir dan Laut','2','C252'),
('SPL1624','Pengelolaan Kawasan Teluk','2','C252'),
('SPL1611','Pencemaran Pesisir dan Laut','2','C252'),
('SPL1501','Metode Penelitian Sumberdaya Pesisir dan Lautan','1','C252'),
('SPL1612','Resiko, Kerentanan, dan Risiliensi Pesisir dan Laut','2','C252'),
('SPL1639','Analisis Sistem dan Pemodelan Sumberdaya Pesisir dan Lautan','2','C252'),
('SPL1636','Kebijakan Pengelolaan Pesisir dan Laut','2','C252'),
('SPL1631','Pengelolaan Terpadu Sumberdaya Pesisir dan Lautan','1','C252'),
('STA1512','Statistika untuk Ilmu-ilmu Pertanian dan Biologi','2','C252'),
('SPL163A','Interaksi Multifaktor','2','C252'),
('SPL1632','Jasa dan Valuasi Ekosistem Pesisir dan Laut','1','C252'),
('SPL1614','Pendayagunaan Pesisir dan Laut','2','C252'),
('SPL1634','Optimasi Pengelolaan Sumberdaya Pesisir dan Laut','2','C252'),
('SPL1635','Pengelolaan Perikanan dengan Pendekatan Ekosistem','2','C252'),
('SPL1622','Konservasi Pesisir dan Laut','2','C252'),
('SPL1623','Pengelolaan Ekowisata Pesisir dan Laut','2','C252'),
('SPL1511','Dinamika Pesisir dan Laut','1','C252'),
('SPL1601','Kapita Selekta Pengelolaan Sumberdaya Pesisir dan Laut','2','C252'),
('THP1601','Metodologi Penelitian','2','C351'),
('THP1535','Teknologi Pengembangan Kitin-Kitosan','1','C351'),
('THP1616','Teknik Imunokimia Hasil Perairan','1','C351'),
('THP1622','Teknologi Bioremediasi Perairan','1','C351'),
('THP1528','Bioteknologi dan Kosmeseutika Hasil Laut','1','C351'),
('THP1512','Enzim Hasil Perairan','1','C351'),
('THP151A','Karakteristik Bahan Baku Hasil Perairan','1','C351'),
('THP1525','Mikrobiologi Fermentasi Hasil Perairan','1','C351'),
('THP1624','Nutrasetika dan Farmasetika Hasil Perairan','1','C351'),
('THP1502','Teknologi Pengolahan Hasil Perairan Berkelanjutan','2','C351'),
('THP169B','Publikasi Ilmiah','4','C351'),
('THP1639','Teknologi Formulasi Hasil Perairan','2','C351'),
('THP1514','Biomolekuler Hasil Perairan','1','C351'),
('THP1533','Teknologi Industri Minyak Ikan','1','C351'),
('THP1623','Bioteknologi Mikroalga','1','C351'),
('THP1634','Standardisasi Hasil Perikanan','1','C351'),
('THP1536','Pengembangan Bioenergi Berbasis Biomassa Hasil Perairan','1','C351'),
('THP1615','Pengembangan Desain Kit Deteksi Mutu dan Keamanan Bahan Baku Hasil Perairan','1','C351'),
('THP1531','Ilmu dan Teknologi Surimi','1','C351'),
('TPL1522','Teknologi Cerdas Alat Penangkapan Ikan','2','C453'),
('TPL1533','Kargo','2','C453'),
('TPL1512','Analisis Dinamika Daerah Penangkapan Ikan','2','C453'),
('TPL1523','Perikanan Tangkap Berkelanjutan','2','C453'),
('TPL1536','Evaluasi Permesinan Kapal Perikanan','2','C453'),
('TPL1521','Desain dan Kontruksi Alat Penangkapan Ikan','2','C453'),
('TPL1531','Perencanaan Desain Kapal Perikanan','2','C453'),
('TPL1542','Industri dan Kewilayahan Pelabuhan Perikanan','2','C453'),
('TPL1614','Perencanaan dan Pengelolaan Daerah Penangkapan Ikan','2','C453'),
('TPL1553','Analisis Hukum dan Peraturan Perundang-undangan Perikanan Tangkap','2','C453'),
('TPL1532','Analisis Transportasi Perikanan','2','C453'),
('TPL1552','Teknik Analisis dan Optimasi Industri Perikanan Tangkap','2','C453'),
('TPL1647','Analisis Produksi dan Sistem Pendataan di Pelabuhanan','2','C453'),
('TPL1545','Pengelolaan Air Bersih dan Limbah Kepelabuhanan Perikanan','2','C453'),
('TPL1543','Pengembangan Industri dan Teknologi Fasilitas Kepelabuhanan','2','C453'),
('TPL1637','Keselamatan Kerja Perikanan Laut','2','C453'),
('IKL1501','Metode Penelitian','2','C551'),
('IKL1523','Dinamika Pantai dan Estuari','2','C551'),
('IKL1526','Oseanografi Bio-Geologi','2','C551'),
('IKL1611','Adaptasi dan Mitigasi Ekosistem Laut','2','C551'),
('IKL1621','Pemodelan Laut','2','C551'),
('IKL1625','Oseanografi Perikanan','2','C551'),
('IKL1515','Rehabilitasi Ekosistem Laut','2','C551'),
('IKL1626','Dinamika Biogeokimia Laut','2','C551'),
('IKL1624','Pencemaran Laut dan Transfer Polutan','2','C551'),
('IKL1612','Analisis Filogenetik Organisme Laut','2','C551'),
('IKL1627','Analitik dan Instrumentasi Oseanografi Kimiawi','2','C551'),
('IKL1524','Dinamika Fluida Geofisik Eksperimen','2','C551'),
('IKL1514','Bioprospeksi dan Remediasi Kelautan','2','C551'),
('IKL1623','Teori Sirkulasi Samudera','2','C551'),
('IKL1527','Geokimia Laut','2','C551'),
('IKL1622','Metode Analisis Data Kelautan','2','C551'),
('TEK1641','Pengkajian Akurasi Pemetaan','2','C552'),
('TEK1634','Sistem Siber-Fisik Kelautan','2','C552'),
('TEK1541','Penginderaan Jauh Kelautan','2','C552'),
('TEK1635','Kecerdasan Buatan Kelautan','2','C552'),
('TEK1506','Teknologi Kelautan','2','C552'),
('TEK1531','Analisis Numerik Kelautan','2','C552'),
('TEK1647','Pemodelan Spasial','2','C552'),
('TEK1642','Algoritma Inderaja Kelautan','2','C552'),
('TEK1632','Akustik Perikanan','2','C552'),
('ITP1512','Sistem Produksi dan Ilmu Ternak Perah','2','D151'),
('ITP1521','Pertumbuhan dan Perkembangan Tubuh Ternak Pedaging','2','D151'),
('ITP1532','Sistem dan Rekayasa Penetasan','2','D151'),
('ITP1534','Sistem Produksi Unggas Air','2','D151'),
('ITP1542','Genetika Populasi Hewan/Ternak','2','D151'),
('ITP1652','Bioteknologi Hasil Ternak','2','D151'),
('ITP1653','Kimia Proses Pengolahan Hasil Ternak','2','D151'),
('ITP1543','Ilmu Pemuliaan Ternak','2','D151'),
('ITP1533','Sistem dan Disain Produksi Unggas','2','D151'),
('ITP1613','Fisiologi Produksi Ternak Perah','2','D151'),
('ITP1622','Ilmu Daging','2','D151'),
('ITP1625','Sumberdaya Ternak Prospektif','2','D151'),
('ITP1514','Agribisnis Ternak Perah','2','D151'),
('ITP1523','Pembiakan Ternak Pedaging','2','D151'),
('ITP1544','Pemuliaan dalam Reproduksi Ternak','2','D151'),
('ITP1636','Pelestarian dan Pemanfaatan Unggas Hobi','2','D151'),
('ITP1524','Ilmu Tingkah Laku Ternak Pedaging','2','D151'),
('ITP1545','Sitogenetika Hewan/Ternak','2','D151'),
('ITP1555','Analisis Resiko Ternak dan Hasil Ternak','2','D151'),
('ITP1557','Komponen Bioaktif Hasil Ternak','2','D151'),
('ITP1654','Ilmu Pengelolaan Limbah Peternakan','2','D151'),
('INP1622','Bioteknologi Pakan','2','D251'),
('INP1633','Teknik Pengendalian dan Sistem Jaminan Mutu Industri Pakan','2','D251'),
('INP1642','Inovasi Nutrisi untuk Produk Unggas Unggul','2','D251'),
('INP1592','Analisis Data Kuantitatif','2','D251'),
('INP1612','Eksplorasi Plasmanutfah dan Bioteknologi Tumbuhan Pakan','2','D251'),
('INP1632','Inovasi Produk Pakan','2','D251'),
('INP1652','Evaluasi Status Nutrisi Ternak Perah','2','D251'),
('INP1662','Rekayasa Nutrisi dan Produksi Daging Fungsional','2','D251'),
('INP1693','Kolokium','2','D251'),
('INP1613','Evaluasi dan Instrumentasi Tumbuhan Pakan','2','D251'),
('INP1623','Evaluasi Pakan','2','D251'),
('INP1663','Ruminologi dan Biokonversi','2','D251'),
('INP1643','Gangguan Nutrisi dan Metabolisme pada Unggas','2','D251'),
('THH1501','Metode Penelitian','2','E251'),
('THH1616','Analisis Pemesinan','2','E251'),
('THH1531','Mekanika Biomaterial','2','E251'),
('THH1633','Material Terbarukan pada Konstruksi Berkelanjutan','2','E251'),
('THH1601','Biopolimer','2','E251'),
('THH1624','Komposit Biomaterial Maju','2','E251'),
('THH1502','Perancangan Percobaan Hasil Hutan','2','E251'),
('THH1643','Biorefineri Lignoselulosa','2','E251'),
('THH1651','Optimasi dalam Industri Hasil Hutan','2','E251'),
('THH1612','Deteriorasi Kayu','2','E251'),
('THH1602','Modifikasi Biomaterial','2','E251'),
('THH1541','Kimia Biomaterial','2','E251'),
('THH1632','Nondestruktif Hasil Hutan','2','E251'),
('THH150R','Ilmu Kayu','2','E251'),
('THH1511','Fisika Biomaterial','2','E251'),
('KSH1502','Metodologi Penelitian','2','E351'),
('KSH1511','Manajemen Biodiversitas','2','E351'),
('KSH1656','Pemasaran dan Promosi Ekowisata dan Jasa Lingkungan','2','E351'),
('KSH1512','Ekologi Kuantitatif Konservasi','2','E351'),
('KSH1541','Manajemen Jasa Lingkungan','2','E351'),
('KSH1618','Ekologi Komunitas','2','E351'),
('KSH1623','Bisnis Jasa Lingkungan dan Ekowisata','2','E351'),
('KSH1646','Internet of Things (IoT) Konservasi','2','E351'),
('KSH1655','Manajemen Sumberdaya Ekowisata','2','E351'),
('KSH1632','Hutan dan Kesehatan Manusia','1','E351'),
('KSH1642','Bioklimatologi Lingkungan','2','E351'),
('SVK1621','Sistem Agroforestry','2','E451'),
('SVK1501','Metodologi Penelitian','2','E451'),
('BOT1632','Ekologi Sumberdaya Tropis','2','E451'),
('SVK1634','Jasad Renik Bagi Kesehatan Hutan','2','E451'),
('SVK1611','Ekologi Restorasi','2','E451'),
('SVK1521','Silvikultur Hutan Tropika','2','E451'),
('TPB1613','Ergonomika dalam Perancangan Mesin Pertanian','2','F151'),
('TPB1606','Analisis Konversi Energi Terbarukan','2','F151'),
('TPB1641','Fenomena Transport','2','F151'),
('TPB1642','Rancangan Sistem Termal','2','F151'),
('TPB1501','Perancangan dan Pengujian','2','F151'),
('TPB1614','Kinematika dan Dinamika Mesin','2','F151'),
('TPB1623','Teknik Pengolahan Hasil Pertanian Lanjut','2','F151'),
('TPB1621','Teknik Pengeringan','2','F151'),
('TPB1611','Instrumentasi dan Kontrol Otomatik Berbasis IOT','2','F151'),
('TPB1612','Interaksi Tanah dengan Mesin Pertanian','2','F151'),
('TPB1631','Sistem Basis Data untuk Teknik Pertanian dan Biosistem','2','F151'),
('TPB1643','Teknik Konversi Bioenergi untuk Mesin Pertanian','2','F151'),
('TPB1605','Analisis dan Evaluasi Proyek Teknik Pertanian dan Biosistem','2','F151'),
('TPB1602','Kolokium','2','F151'),
('TPB1632','Sistem Informasi Geografis untuk Teknik Pertanian dan Biosistem','2','F151'),
('TPB1617','Analisis Komputasional Dinamika Fluida dan Mekanika Benda Padat','2','F151'),
('TPB1633','Teknik Agrosistem','2','F151'),
('TPP1625','Penanganan Pascapanen Tanaman Rempah dan Obat','2','F152'),
('TPP1626','Penanganan dan Pengolahan Hasil Ternak dan Perikanan','2','F152'),
('TPP1531','Manajemen Pascapanen','2','F152'),
('TPP1522','Teknologi Penanganan Pascapanen','2','F152'),
('TPP1622','Penanganan Pascapanen Tanaman Pangan','2','F152'),
('TPP1523','Teknologi Pengolahan Hasil Pertanian','2','F152'),
('TPP1624','Penanganan dan Pengolahan Hasil Perkebunan','2','F152'),
('TPP1629','Teknologi Pengolahan Limbah Pertanian','2','F152'),
('TPP1524','Penanganan dan Pengolahan Hasil Pertanian','2','F152'),
('TPP1627','Teknologi Distribusi dan Rantai Pasok Hasil Pertanian','2','F152'),
('TPP1621','Teknologi Evaluasi Non-destruktif Bahan Pertanian','2','F152'),
('TPP1628','Teknologi Karantina dalam Penanganan Pascapanen','2','F152'),
('IPN1612','Kimia Flavor','2','F251'),
('IPN1621','Pengendalian Mutu Mikrobiologi Pangan','2','F251'),
('IPN1613','Aplikasi Metobolomik dalam Ilmu Pangan','2','F251'),
('IPN1503','Rekayasa Proses Pangan','2','F251'),
('IPN1641','Metabolisme Seluler Komponen Pangan','2','F251'),
('IPN1506','Analisis Pangan Lanjut','2','F251'),
('IPN1633','Rekayasa Pengemasan dan Penyimpanan Pangan','2','F251'),
('IPN1642','Metode Evaluasi Nilai Biologis Pangan','2','F251'),
('IPN1504','Biokimia Molekuler Pangan','2','F251'),
('IPN1634','Teknologi Membran dalam Industri Pangan','2','F251'),
('IPN1623','Bioteknologi Pangan','2','F251'),
('TPN1503','Regulasi Pangan','2','F252'),
('TPN1541','Gizi Terapan di Industri Pangan','2','F252'),
('TPN1601','Isu Mutakhir Industri Pangan','2','F252'),
('TPN1602','Manajemen Pengembangan Produk Baru','2','F252'),
('TPN1622','Good Practices dalam Rantai Pangan','2','F252'),
('TPN1641','Teknologi Pangan Fungsional','2','F252'),
('TIN1592','Metodologi Penelitian','2','F351'),
('TIN1562','Produksi Bersih Lanjut','2','F351'),
('TIN1617','Sistem Informasi Logistik dan Rantai Pasok','2','F351'),
('TIN1662','Teknologi Pengelolaan Limbah Padat dan B3','2','F351'),
('TIN1675','Teknopreneurship dan Inovasi Bisnis','2','F351'),
('TIN1521','Rekayasa Perancangan Proses','1','F351'),
('TIN1619','Intelejensia Bisnis','2','F351'),
('TIN1629','Nanoteknologi untuk Agroindustri','2','F351'),
('TIN1651','Pengendalian Mutu','2','F351'),
('TIN1678','Teknik Distribusi dan Transportasi','2','F351'),
('TIN1511','Analisis dan Desain Sistem Produksi Agroindustri','2','F351'),
('TIN1664','Analisis dan Pengelolaan Resiko Lingkungan','2','F351'),
('TIN1644','Rekayasa Proses Pengemasan dan Mutu Produk','2','F351'),
('TIN1691','Topik Khusus Penyusunan Proposal Tesis','2','F351'),
('TIN1612','Rekayasa Sistem Mutu','2','F351'),
('TIN162A','Rekayasa Proses dan Produk Bioenergi','2','F351'),
('TIN1692','Kolokium','2','F351'),
('TIN1631','Rekayasa Bioproses','2','F351'),
('TIN1633','Teknologi Biotransformasi','2','F351'),
('TIN1676','Kreasi dan Pengembangan Bisnis Agroindustri','2','F351'),
('TIN1663','Teknologi Pengendalian dan Pencemaran Udara','2','F351'),
('TIN1672','Strategi Teknologi dan Manajemen Inovasi','2','F351'),
('SIL1621','Bangunan dan Lingkungan','2','F451'),
('SIL1635','Pemodelan Hidrologi','2','F451'),
('SIL1613','Teknik Pondasi Lanjut','2','F451'),
('SIL1531','Komputasi Dinamika Fluida (CFD)','2','F451'),
('SIL1625','Rekayasa Lingkungan Pertanian','2','F451'),
('SIL1528','Pemodelan Lingkungan','2','F451'),
('SIL1512','Teknik Konstruksi Bangunan','2','F451'),
('SIL1590','Metodologi Penelitian Teknik Sipil dan Lingkungan','2','F451'),
('SIL1615','Metode Elemen Hingga untuk Geoteknik','2','F451'),
('SIL1647','Pemodelan dan Visualisasi Spasial','2','F451'),
('SIL1502','Kesehatan dan Keselamatan Kerja di Bidang Teknik Sipil dan Lingkungan','2','F451'),
('STA1541','Analisis Peubah Ganda','2','G151'),
('STA1542','Analisis Deret Waktu','2','G151'),
('STA1582','Pembelajaran Mesin Statistika','2','G151'),
('STA1500','Metode Penelitian Kuantitatif','2','G151'),
('STA1521','Analisis dan Perancangan Percobaan','2','G151'),
('STA1562','Manajemen Data Statistika','2','G151'),
('STA1501','Teori Statistika','2','G151'),
('STA1553','Analisis Statistika Spasial','2','G151'),
('STA1583','Text Analytics','2','G151'),
('STA1543','Analisis Data Kategorik','2','G151'),
('STA1544','Analisis Data Observasional','2','G151'),
('STA1522','Metode Penarikan Contoh','2','G151'),
('STA1554','Psikometrika','2','G151'),
('GFM1640','Interaksi Antara Iklim / Cuaca dan Tanaman','2','G251'),
('GFM1646','Modifikasi Iklim dan Cuaca','2','G251'),
('GFM1604','Topik Khusus dalam bidang Klimatologi Terapan 2','2','G251'),
('GFM1630','Mitigasi Perubahan Iklim','2','G251'),
('GFM1632','Analisis Sistem Hidrologi','2','G251'),
('GFM1612','Klimatologi Perkotaan','2','G251'),
('GFM162A','Pemodelan Iklim','2','G251'),
('GFM1614','Klimatologi Fisik Global','2','G251'),
('GFM1622','Metode Klimatologi Lanjut','2','G251'),
('MIK151D','Proyek Prokariot','2','G351'),
('BIO1621','Bioteknologi Senyawa Antimikrob','2','G351'),
('BIO1524','Interaksi Mikrob Inang','2','G351'),
('BIO1514','Mikrob dan Potensinya','2','G351'),
('MIK152C','Proyek Mikologi','2','G351'),
('BSH1561','Perilaku Hewan','2','G352'),
('BSH1553','Ekologi Hewan','2','G352'),
('BSH1555','Evolusi Organik','2','G352'),
('BSH1654','Genetika Populasi','2','G352'),
('BSH165A','Biologi Serangga Polinator','2','G352'),
('BSH1663','Fisiologi Tradisi','2','G352'),
('BSH1664','Neurosains','2','G352'),
('BSH1551','Morfometrika','2','G352'),
('BIO1691','Kolokium','2','G352'),
('BSH1662','Biologi Serangga Sosial','2','G352'),
('BSH165E','Konservasi Hewan Tropis','2','G352'),
('BSH1656','Zoogeografi','2','G352'),
('BSH1562','Biologi Molekular Hewan','2','G352'),
('BSH1652','Bioantropologi','2','G352'),
('BOT1535','Biostematika Tumbuhan','2','G353'),
('BOT1544','Biologi Kultur In Vitro Tumbuhan','2','G353'),
('BOT1633','Biologi Konservasi Tumbuhan','2','G353'),
('BOT1636','Metodologi Penelitian Sistematika Tumbuhan','2','G353'),
('BOT1642','Ekofisiologi Tumbuhan','2','G353'),
('BOT1637','Etnobotani','2','G353'),
('BOT1635','Praktikum Sistematika Tumbuhan','2','G353'),
('BOT1543','Fisiologi Perkembangan Tumbuhan','2','G353'),
('BOT1534','Azas-azas Taksonomi Tumbuhan','2','G353'),
('BOT1533','Metodologi Ekologi Tumbuhan','2','G353'),
('BOT1646','Fisiologi Molekular Tumbuhan','2','G353'),
('BOT1631','Mikroteknik Tumbuhan','2','G353'),
('BOT1545','Biologi Molekular','2','G353'),
('BOT1645','Analisis Genetika','2','G353'),
('BOT1644','Rekayasa Genetika Tumbuhan','2','G353'),
('BOT1634','Praktikum Ekologi Tumbuhan Tropis','2','G353'),
('BOT1643','Praktikum Genetika dan Biologi Molekular Tumbuhan','2','G353'),
('BOT1641','Praktikum Sel dan Fisiologi Tumbuhan','2','G353'),
('KIM1638','Kimia Bioanalitik','2','G451'),
('KIM1616','Nanomaterial Anorganik','2','G451'),
('KIM1654','Sensor dan Biosensor','2','G451'),
('KIM1617','Kimia Biomaterial','2','G451'),
('KIM1502','Metodologi Penelitian Kimia','2','G451'),
('KIM1637','Metabolomik: Teknik Analitik dan Aplikasi','2','G451'),
('KIM1641','Senyawa Aktif Permukaan','2','G451'),
('MAT1232','Pemrograman Linear','2','G551'),
('MAT1554','Proses Stokastik','2','G551'),
('MAT1542','Matematika Keuangan dan Pasar Modal','2','G551'),
('MAT1524','Komputasi Lanjut','2','G551'),
('MAT1556','Persamaan Diferensial','2','G551'),
('KOM1624','Topik dalam Bioinformatika','2','G651'),
('KOM1623','Topik dalam Data Mining Terapan','2','G651'),
('KOM1611','Topik dalam Keamanan Informasi','2','G651'),
('KOM1631','Topik dalam Manajemen Pengetahuan','2','G651'),
('KOM1632','Pengujian dan Penjaminan Mutu Perangkat Lunak','2','G651'),
('KOM1634','Topik dalam E-Government','2','G651'),
('KOM1622','Topik dalam Pengenalan Pola','2','G651'),
('KOM1621','Topik dalam Geoinformatika','2','G651'),
('KOM1503','Metode Penelitian dan Penyajian Ilmiah','2','G651'),
('BFS150A','Metode Karakterisasi dalam Biofisika','1','G751'),
('BFS1501','Metode Penelitian Biofisika','1','G751'),
('BFS1506','Material Biokompatibel','2','G751'),
('BFS1507','Biofisika dan Kompleksitas','2','G751'),
('BFS1502','Teori Kuantum Orbital dan Molekuler','1','G751'),
('BFS1503','Biofisika Termal','1','G751'),
('BFS1504','Bioelektromagnetisme','1','G751'),
('BFS150D','Material Bioinspirasi','1','G751'),
('BFS150I','Fisika Protein','1','G751'),
('BFS150B','Pemodelan Biofisik','1','G751'),
('BFS150G','Biofisika Lingkungan','1','G751'),
('BFS1505','Biofisika Membran dan Sel','2','G751'),
('BIK1694','Seminar nasional','4','G851'),
('BIK1505','Metabolisme Tumbuhan','2','G851'),
('BIK1526','Biokimia Genom','2','G851'),
('BIK695B','Publikasi Prosiding','4','G851'),
('BIK1506','Bioinformatika Molekuler','2','G851'),
('BIK1532','Bioinstrumentasi untuk Metabolit Sekunder','2','G851'),
('BIK1695','Publikasi Nasional','4','G851'),
('BIK1612','Patobiologi Aterosklerosis','2','G851'),
('BIK1502','Teknik Penelitian Biokimia','2','G851'),
('BIK1524','Struktur dan Fungsi Protein','2','G851'),
('BIK1512','Aplikasi Biofarmaka untuk Kesehatan','2','G851'),
('BIK1522','Teknologi DNA','2','G851'),
('PWD1511','Analisis Keberlanjutan Wilayah dan Perdesaan','2','H051'),
('PWD1500','Metodologi Penelitian','2','H051'),
('ESL1683','Ekonomi Kelembagaan dan Kebijakan Sumberdaya Alam','2','H051'),
('MPD1507','Pengelolaan Sumberdaya Alam dan Lingkungan','2','H052'),
('MPD1603','Strategi Pembangunan Daerah Berkelanjutan','2','H052'),
('MPD1508','Perencanaan dan Pengelolaan Proyek Pembangunan','2','H052'),
('MPD1602','Pembangunan Kewirausahaan Daerah Dan Ekonomi Lokal','2','H052'),
('MPD160A','Metodologi Riset Pembangunan Daerah','2','H052'),
('EKO1603','Ekonometrika II','2','H151'),
('EKO1506','Makroekonomi II','2','H151'),
('EKO1505','Mikroekonomi II','2','H151'),
('EKO1605','Metodologi Penelitian','2','H151'),
('MAN1524','Komunikasi Pemasaran dan Manajemen Merk','2','H251'),
('MAN150M','Pengambilan Keputusan Manajerial','2','H251'),
('MAN1526','Perilaku Pelanggan','2','H251'),
('MAN160N','Kapita Selekta / Enrichment Course','4','H251'),
('MAN1543','Strategi dan Pengembangan SDM','2','H251'),
('MAN1554','Manajemen Produk dan Harga','2','H251'),
('MAN1516','Keuangan dan Tatakelola Korporasi','2','H251'),
('MAN1525','Strategi Distribusi dan Ritel','2','H251'),
('MAN1517','Manajemen Investasi dan Portofolio','2','H251'),
('MAN1544','Manajemen Kinerja SDM','2','H251'),
('MAN1545','Manajemen Pengetahuan','2','H251'),
('MAN1552','Rantai Pasok dan Operasi Digital','2','H251'),
('MAN1546','Manajemen Perubahan Organisasi dan Inovasi','2','H251'),
('MAN1551','Pemasaran Digital','2','H251'),
('MAN1535','Manajemen Rantai Pasok dan Logistik','2','H251'),
('MAN1527','Pemasaran Strategik','2','H251'),
('MAN1536','Manajemen Proyek Terpadu','2','H251'),
('MAN1515','Keuangan dan Perbankan Digital','2','H251'),
('MAN1533','Manajemen Operasi','2','H251'),
('MAN1553','Manajemen Inovasi dan Digital','2','H251'),
('MAN1518','Manajemen Risiko Keuangan','2','H251'),
('MAN1534','Manajemen Mutu dan Inovasi','2','H251'),
('AGB1503','Metodologi Penelitian Agribisnis','2','H351'),
('AGB1622','Kewirausahaan Agribisnis Tropika','2','H351'),
('AGB1504','Metode Kuantitatif untuk Agribisnis','2','H351'),
('AGB1517','Makroekonomi untuk Agribisnis','2','H351'),
('AGB1635','Rantai Pasok Agribisnis','2','H351'),
('AGB1615','Struktur Industri Agribisnis','2','H351'),
('AGB1612','Perencanaan dan Evaluasi Agribisnis','2','H351'),
('AGB1523','Kewirausahaan dan Inovasi','2','H351'),
('AGB1632','Kebijakan Agribisnis','2','H351'),
('AGB1639','Prinsip Pengelolaan Mega Data Agribisnis','2','H351'),
('AGB1616','Perilaku Konsumen Produk Agribisnis','2','H351'),
('AGB1613','Risiko Agribisnis','2','H351'),
('ESL1635','Valuasi Ekonomi dan Assessmen Kerusakan Sumberdaya Alam dan Lingkungan','2','H451'),
('ESL1626','Analisis Neraca Sumberdaya Alam','2','H451'),
('ESL1627','Metodologi Penelitian Ekonomi Sumberdaya Alam dan Lingkungan','2','H451'),
('EKO1608','Ekonometrika Terapan','2','H453'),
('ESL1513','Ekonomi Usaha Pertanian','2','H453'),
('ESL1512','Kebijakan Pertanian','2','H453'),
('ESL1515','Pemasaran Pertanian','2','H453'),
('ESL1518','Pembangunan Pertanian','2','H453'),
('ESL1617','Metodologi Penelitian dan Penulisan Karya Ilmiah','2','H453'),
('ESL1516','Ekonomi Konsumsi','2','H453'),
('EKO1604','Teori Makroekonomi','1','H454'),
('ESL1602','Metodologi Penelitian Ekonomi Kelautan Tropika','2','H454'),
('EKO1509','Teori Mikroekonomi','1','H454'),
('ESL1651','Ekonomi Sumberdaya Kelautan Tropika','1','H454'),
('ESL1522','Metode Kuantitatif untuk Ekonomi Sumberdaya Alam dan Lingkungan','1','H454'),
('ESL1526','Ekonomi Kelembagaan','2','H454'),
('ESL1652','Karakteristik dan Pengelolaan Sumberdaya Kelautan Tropika','1','H454'),
('ESL1658','Ekonomi Kelautan','2','H454'),
('ESL1653','Kebijakan Kelautan','2','H454'),
('GIZ164C','Sosio-budaya Pangan dan Gizi','2','I154'),
('GIZ152C','Gizi Olahraga dan Kebugaran','2','I154'),
('GIZ154A','Gizi dan Pembangunan','2','I154'),
('GIZ162A','Perubahan Perilaku Gizi','2','I154'),
('GIZ160A','Metode Penelitian Gizi Lanjut','2','I154'),
('GIZ162B','Intervensi Pangan dan Gizi','2','I154'),
('GIZ163A','Pengembangan Produk Pangan Intervensi','2','I154'),
('GIZ151B','Gizi Molekuler dan Klinis','2','I154'),
('IKK1501','Metode Penelitian Keluarga dan Anak','2','I251'),
('IKK1623','Pengembangan Alat Ukur','2','I251'),
('IKK1616','Kebijakan Publik dan Keluarga','2','I251'),
('IKK1621','Pendidikan Holistik Integratif','2','I251'),
('IKK1634','Keuangan dan Investasi Keluarga','2','I251'),
('IKK1602','Analisis Data Kuantitatif Keluarga','2','I251'),
('IKK1603','Analisis Data Kualitatif Keluarga','2','I251'),
('IKK1617','Masa Dewasa dan Lansia','2','I251'),
('KPM1551','Metodologi Penelitian Komunikasi dan Penyuluhan Pembangunan','2','I352'),
('KPM1656','Teknologi Informasi dan Komunikasi dalam Pembangunan','2','I352'),
('KPM1614','Komunikasi dan Perubahan Sosial','2','I352'),
('KPM165C','Perencanaan dan Evaluasi Partisipatif Program Penyuluhan','2','I352'),
('KPM1564','Transformasi dan Gerakan Agraria-Lingkungan','2','I353'),
('KPM153E','Sosiologi Digital','2','I353'),
('KPM1560','Ekologi Politik','2','I353'),
('KPM1565','Tata Kelola Agraria-Lingkungan dan Pembangunan Berkelanjutan','2','I353'),
('KPM1575','Relasi Komunitas Perdesaan dan Perkotaan','2','I353'),
('KPM153F','Data Presisi, Ekonomi-Politik, dan Kebudayaa Digital','2','I353'),
('KPM1574','Sosiologi Komunitas Digital','2','I353'),
('KPM1531','Sosiologi Ekonomi Pedesaan','2','I353'),
('KPM153G','Analisis dan Solusi Masalah Sosial Teknologi Digital','2','I353'),
('KPM1573','Tata Kelola Pengembangan Masyarakat','2','I353'),
('KPM1572','Analisis dan Kebijakan Sosial','2','I353'),
('KPM153C','Metodologi Penelitian Sosiologi Pedesaan','2','I353'),
('SBI151A','Ekonomi Manajerial dan Strategi Bisnis','2','K151'),
('SBI1539','Metode Kuantitatif untuk Bisnis','1','K151'),
('SBI1519','Etika Bisnis dan Inovasi untuk Keberlanjutan','1','K151'),
('SBI152B','Start Up Bio Bisnis','2','K151'),
('SBI1547','Bisnis Internasional','2','K151'),
('SBI154I','Teknik-teknik Penilaian Risiko','2','K151'),
('SBI1527','Bisnis dan Pola Pikir Kewirausahaan','1','K151'),
('SBI1529','Design Thinking dan Inovasi Korporat','2','K151'),
('SBI1538','Analitika Bisnis','1','K151'),
('SBI1548','Kapita Selekta Bisnis dan Manajemen','2','K151'),
('SBI1518','Komunikasi Bisnis','1','K151'),
('SBI151C','Manajemen Perubahan Strategik','2','K151'),
('SBI153C','Sistem Cerdas Pendukung Pengambilan Keputusan','2','K151'),
('SBI154A','Manajemen Investasi dan Portofolio','2','K151'),
('SBI1528','Kepemimpinan Intrapreneurial','1','K151'),
('SBI153A','Metode Riset Bisnis','2','K151'),
('SBI151B','Teknik-teknik Perencanaan Strategik','2','K151'),
('SBI153B','Sistem Manajemen Data untuk Bisnis','2','K151'),
('SBI1549','Pembelanjaan Perusahaan','2','K151'),
('SBI152A','Inovasi Bio Bisnis','2','K151'),
('SBI1546','Riset Pasar dan Konsumen','2','K151'),
('SBI154H','Manajemen Risiko Terpadu','2','K151'),
('SBI154E','Manajemen Pengetahuan','2','K151'),
('PPS1503','Bahasa Inggris','2','K151'),
('SBI154D','Manajemen Kinerja Sumberdaya','2','K151'),
('BTK1528','Bioteknologi Pertambangan dan Reklamasi Lahan','2','P051'),
('BTK1502','Fisiologi Molekuler','1','P051'),
('BTK1524','Bioteknologi Lingkungan','2','P051'),
('BTK1503','Genetika Molekuler','1','P051'),
('BTK1523','Rekayasa Genetika Mikrob','2','P051'),
('BTK1504','Rekayasa Genetika','2','P051'),
('BTK1501','Prinsip Bioteknologi','1','P051'),
('BTK1525','Teknologi Produksi Organisme Tanah','2','P051'),
('BTK1505','Metodologi Penelitian dan Teknik Penulisan Ilmiah','1','P051'),
('PSL1608','Pemodelan Spasial Pengelolaan Sumber Daya Alam dan Lingkungan','2','P052'),
('PSL1615','Ekologi Politik Sumber Daya Alam dan Lingkungan','2','P052'),
('PSL1636','Kebijakan Pengelolaan Wisata Agro-Eko-Kultural','2','P052'),
('PSL1626','Manajemen dan Asesmen Eko-toksikologi','2','P052'),
('PSL1635','Konsumsi Hijau dan Sanitasi Higienis','2','P052'),
('PSL1624','Instrumen Manajemen Lingkungan','2','P052'),
('PSL1671','Pengelolaan Sumberdaya Lahan dan Air Berkelanjutan','2','P052'),
('PSL150C','Analisis Pengelolaan Sumber Daya Alam dan Lingkungan','2','P052'),
('PSL1616','Seni dan Sains Diplomasi Internasional','2','P052'),
('PSL1672','Ekologi Sumberdaya dan Lingkungan Hutan Tropika','2','P052'),
('PSL1673','Pengelolaan Konflik Sosial dan Ekologi Politik dalam Pengelolaan Sumber Daya Alam dan Lingkungan','2','P052'),
('PSL1675','Sistem Administrasi Lingkungan','2','P052'),
('PSL1674','Analisis Risiko Ekologi','2','P052'),
('PSL1632','Energi Baru dan Terbarukan dari Sumberdaya Agro-maritim','2','P052'),
('PSL1625','Manajemen Risiko Perubahan Iklim dan Bencana','2','P052'),
('PSL1617','Politik dan Praktik Kebijakan Sumber Daya Alam dan Lingkungan','2','P052'),
('MPI1521','Pengantar Industri Kecil Menengah','1','P054'),
('MPI1504','Prinsip Ekonomi dan Perekonomian Indonesia','1','P054'),
('MPI1505','Pengetahuan Bahan Pertanian','1','P054'),
('MPI1541','Kapita Selekta Industri Kecil Menengah Pertanian','3','P054'),
('MPI1526','Kunjungan Lapang','1','P054'),
('MPI1525','Metode Kuantitatif untuk Bisnis','1','P054'),
('MPI1502','Pengenalan Teknologi Informasi','1','P054'),
('MPI1503','Matematika dan Statistika Bisnis','1','P054'),
('MPI1524','Ekonomi Teknik lanjut','1','P054'),
('MPI1522','Pengelolaan Industri','1','P054'),
('MPI1523','Pengetahuan Bahan Agro Industri','1','P054'),
('LOG1601','Metodologi Penelitian','2','P055'),
('LOG1643','Logistik Kemanusiaan dan Bencana','2','P055'),
('LOG1623','Logistik dan Eco-Fishing Port','2','P055'),
('LOG1631','Transportasi Ternak dan Produk Ternak','1','P055'),
('LOG1612','Manajemen Kualitas Bahan Pertanian','2','P055'),
('LOG1622','Kebijakan Pengembangan Sistem Logistik Ikan Nasional','2','P055'),
('LOG1641','Kebijakan Logistik Agro-Maritim','2','P055'),
('LOG1613','Topik Khusus','2','P055'),
('LOG1642','Sistem Rantai Pasok Industri Bahan Penyegar dan Minyak Atsiri','2','P055'),
('LOG1624','Dinamika Permintaan Hasil Perikanan','2','P055'),
('LOG1614','GMP pada Produk Pertanian','2','P055'),
('LOG1611','Penanganan Hasil Pertanian','2','P055'),
('LOG1632','Kualitas dan Keamanan Produk Ternak','1','P055'),
('LOG1621','Transportasi Laut Hasil Perikanan','2','P055'),
('LOG1625','GSCM Komoditas Maritim','2','P055');


INSERT INTO jadwal_kuliah
VALUES ('TNH1503','K/1','Senin','08:00 - 09:40','A0002'),
('TNH1602','K/1','Senin','08:00 - 10:00','A000B1C3'),
('TNH1605','K/1','Senin','09:00 - 11:00','A0005'),
('PWL1607','K/1','Senin','10:00 - 11:40','20 ARL 405 A'),
('TNH1601','K/1','Senin','14:00 - 16:30','A000B1C3'),
('TNH1511','K/1','Selasa','08:00 - 09:40','A0005'),
('TNH1522','K/1','Selasa','10:00 - 11:40','20 ARL 405 B'),
('TNH1606','K/1','Selasa','13:00 - 15:30','A000CKB1'),
('TNH1612','K/1','Selasa','14:00 - 15:40','A000CKB2'),
('TNH1632','K/1','Rabu','07:00 - 09:30','20 ARL 405 B'),
('TNH1607','K/1','Rabu','13:00 - 15:30','A0003B21'),
('TNH1642','K/1','Rabu','14:00 - 15:40','A164401A'),
('TNH1514','K/1','Kamis','08:00 - 09:40','A0004B12'),
('TNH1511','P/1','Kamis','13:00 - 16:00','A153301A'),
('TNH1541','K/1','Kamis','14:00 - 15:40','A164401C'),
('TNH1633','K/1','Jumat','08:00 - 10:30','A0003'),
('TNH1621','K/1','Jumat','14:00 - 15:40','20 ARL 405 B'),
('PWL1563','K/1','Senin','08:00 - 09:40','A00000BD'),
('PWL1604','K/1','Senin','08:00 - 09:40','A000LKP3'),
('PWD1503','K/1','Senin','13:00 - 14:40','Studio'),
('PWL1651','K/1','Selasa','10:00 - 11:40','A0003B22'),
('PWL1606','K/1','Selasa','13:00 - 14:40','A0004B12'),
('PWL1608','K/1','Selasa','13:00 - 14:40','A0003B21'),
('PWL1606','P/1','Selasa','14:41 - 17:41','A0004'),
('PWL1601','K/1','Rabu','13:00 - 14:40','A0003B22'),
('PWL1601','P/1','Rabu','14:41 - 17:41','A000LKP1'),
('PWL1654','K/1','Kamis','08:00 - 09:40','A164401A'),
('PWL1565','K/1','Kamis','10:00 - 11:40','A000B1C1'),
('PWL1631','K/1','Kamis','10:00 - 11:40','A0005'),
('TNH1635','K/1','Kamis','10:00 - 11:40','A000LKP3'),
('PWL1532','K/1','Kamis','13:00 - 14:40','A0004B12'),
('PWL1605','K/1','Kamis','13:00 - 14:40','A144401A'),
('PWL1531','K/1','Jumat','08:00 - 09:40','A0830307'),
('PWL1603','P/1','Jumat','08:00 - 09:40','A0003'),
('PWD1503','P/1','Jumat','13:30 - 16:30','A0006'),
('PTN1504','P/1','Senin','07:00 - 10:00','A164401A'),
('PTN1504','K/1','Senin','10:10 - 11:50','G0013'),
('ENT1601','K/1','Senin','13:00 - 14:40','G0013'),
('FIT1627','K/1','Senin','15:00 - 16:40','A0003'),
('ENT1601','P/1','Selasa','07:00 - 10:00','A0004B12'),
('FIT1623','P/1','Selasa','07:00 - 10:00','A0002'),
('FIT1624','P/1','Selasa','07:00 - 10:00','Studio'),
('FIT1625','P/1','Selasa','07:00 - 10:00','LabKomp1'),
('FIT1626','P/1','Selasa','07:00 - 10:00','A000B1C2'),
('FIT1629','K/1','Selasa','16:10 - 17:50','A0003B22'),
('FIT1653','K/1','Selasa','16:10 - 17:50','A0002'),
('FIT1628','P/1','Rabu','07:00 - 10:00','A000CKB2'),
('FIT1628','K/1','Rabu','13:00 - 14:40','A0003'),
('FIT1623','K/1','Kamis','08:10 - 09:40','A0006'),
('FIT1624','K/1','Kamis','08:10 - 09:40','G0013'),
('FIT1625','K/1','Kamis','08:10 - 09:40','LabKomp1'),
('FIT1626','K/1','Kamis','08:10 - 09:40','A000CKB2'),
('ENT1501','K/1','Kamis','10:00 - 11:40','A0002'),
('ENT1501','P/1','Kamis','13:00 - 16:00','20 ARL 405 A'),
('FIT1627','P/1','Jumat','07:00 - 10:00','A164401B'),
('FIT1629','P/1','Jumat','13:30 - 16:30','LabKomp1'),
('FIT1653','P/1','Jumat','13:30 - 16:30','A10W5501'),
('AGH1628','K/1','Senin','08:00 - 09:40','Studio'),
('AGH1602','K/1','Senin','10:00 - 11:40','A0003'),
('AGH1624','K/1','Selasa','07:00 - 08:40','A00000BD'),
('AGH1624','P/1','Selasa','11:00 - 14:00','A164401D'),
('AGH1642','K/1','Selasa','13:00 - 14:40','A0004B12'),
('AGH1642','P/1','Selasa','15:00 - 18:00','A000CKB2'),
('AGH1501','K/1','Rabu','08:00 - 09:00','A0005'),
('AGH1501','P/1','Rabu','13:00 - 16:00','A0005'),
('AGH1602','P/1','Rabu','13:00 - 16:00','A164401C'),
('AGH1602','P/2','Rabu','13:00 - 16:00','A000LKP1'),
('AGH1626','K/1','Kamis','08:00 - 09:40','A0004B11'),
('AGH1626','P/1','Kamis','10:00 - 13:00','A164401B'),
('AGH162E','K/1','Kamis','13:00 - 14:40','A000B1C3'),
('AGH1628','P/1','Kamis','13:00 - 16:00','A0001'),
('AGH162E','P/1','Kamis','14:40 - 17:40','A0630301'),
('AGH1503','P/1','Jumat','06:30 - 09:30','A0001'),
('AGH1503','P/2','Jumat','06:30 - 09:30','A000CKB1'),
('AGH1503','K/1','Jumat','09:30 - 11:10','A0004B12'),
('AGH1503','K/2','Jumat','09:30 - 11:10','A164401E'),
('PBT1501','K/1','Senin','08:00 - 09:40','A0003B21'),
('PBT1636','K/1','Senin','08:00 - 09:40','A0440404'),
('PBT1501','P/1','Senin','10:00 - 13:00','A0003'),
('PBT1636','P/1','Senin','10:00 - 13:00','Studio'),
('PBT1611','K/1','Senin','14:00 - 15:40','A0001'),
('PBT1602','P/1','Selasa','07:00 - 10:00','A000B1C3'),
('PBT1602','P/2','Selasa','07:00 - 10:00','Studio'),
('PBT1602','K/1','Selasa','10:20 - 12:00','A0006'),
('PBT1633','K/1','Selasa','13:00 - 14:40','A000CKB1'),
('PBT1633','P/1','Selasa','14:40 - 17:40','A000B1C1'),
('PBT1615','K/1','Rabu','08:00 - 09:40','A0003B21'),
('PBT1615','P/1','Rabu','13:00 - 16:00','A000B1C2'),
('PBT1603','K/1','Kamis','08:00 - 09:40','A0003B22'),
('PBT1603','P/1','Kamis','10:00 - 13:00','A164401C'),
('PBT1603','P/2','Kamis','10:00 - 13:00','LabKomp1'),
('PBT1635','K/1','Kamis','13:00 - 14:10','A164401E'),
('PBT1635','P/1','Kamis','14:40 - 17:40','A0005'),
('PBT1604','K/1','Jumat','13:00 - 14:40','A0005'),
('PBT1604','P/1','Jumat','14:40 - 17:40','A0004B12'),
('PBT1604','P/2','Jumat','14:40 - 17:40','A144401C'),
('ENT1616','P/1','Senin','07:00 - 10:00','A0830307'),
('PHT1537','P/1','Senin','07:00 - 10:00','A0006'),
('ENT1641','K/1','Senin','08:00 - 09:40','A0004B12'),
('PTN1504','K/2','Senin','10:10 - 11:50','A0001'),
('ENT1616','K/1','Senin','15:00 - 16:40','A164401A'),
('PHT1537','K/1','Senin','15:00 - 16:40','Studio'),
('ENT1533','K/1','Selasa','10:10 - 11:50','A0001'),
('PTN1504','P/2','Selasa','13:00 - 16:00','A000B1C3'),
('PHT1538','P/1','Rabu','07:00 - 10:00','A000CKB2'),
('PHT1538','K/1','Rabu','13:00 - 14:40','A0006'),
('ENT1533','P/1','Kamis','07:00 - 10:00','A164401D'),
('ENT1613','K/1','Jumat','09:00 - 10:40','G0013'),
('PHT1534','K/1','Jumat','13:00 - 14:40','A10W5501'),
('ENT1613','P/1','Jumat','13:00 - 16:00','A000B1C3'),
('PHT1534','P/1','Jumat','15:00 - 18:00','20 ARL 405 A'),
('ENT1602','P/1','Sabtu','07:00 - 08:40','A0630301'),
('PHT1503','K/2','Rabu','19:00 - 20:40','A0001'),
('PHT1533','K/2','Kamis','18:00 - 19:40','A164401C'),
('PHT1535','K/2','Kamis','18:00 - 19:40','A0006'),
('PHT1651','K/1','Kamis','18:00 - 19:40','A164401D'),
('PHT1503','P/2','Jumat','19:00 - 21:00','20 ARL 405 B'),
('PHT1521','P/1','Sabtu','07:00 - 10:00','A000CKB1'),
('PHT1531','P/1','Sabtu','10:00 - 13:00','A0440404'),
('PHT1533','P/2','Sabtu','13:00 - 16:00','A164401B'),
('PHT1535','P/2','Sabtu','13:00 - 16:00','A164401D'),
('PHT1651','P/2','Sabtu','13:00 - 16:00','A0004'),
('PHT1521','K/1','Sabtu','16:00 - 17:40','A0006'),
('PHT1531','K/1','Sabtu','18:30 - 20:10','A164401E'),
('ARL1636','K/1','Senin','08:00 - 09:40','A0004'),
('ARL1501','K/1','Senin','10:00 - 11:40','A0004'),
('ARL1501','P/1','Senin','13:00 - 16:00','A0004'),
('ARL1513','K/1','Selasa','08:00 - 09:40','A0004'),
('ARL1513','P/1','Selasa','10:00 - 13:00','A0004'),
('ARL1603','K/1','Selasa','13:00 - 13:50','A0004'),
('ARL1603','P/1','Selasa','14:00 - 17:00','A0004'),
('ARL1626','K/1','Rabu','08:00 - 09:40','A0004'),
('ARL1611','K/1','Rabu','13:00 - 13:50','A0004'),
('ARL1611','P/1','Rabu','14:00 - 17:00','A0004'),
('ARL1633','K/1','Kamis','08:00 - 09:40','A0004'),
('ARL1602','P/1','Kamis','10:00 - 16:00','A0004'),
('ARL1635','K/1','Jumat','08:00 - 09:40','A0004'),
('ARL1625','K/1','Jumat','13:30 - 15:10','A164401A'),
('ARL1625','P/1','Jumat','14:20 - 17:20','A0004'),
('SVB156A','K/1','Senin','07:00 - 07:50','B000MOES-B'),
('SVB156A','P/1','Senin','08:00 - 10:00','B051LFIF'),
('SVB1533','K/1','Senin','08:30 - 10:20','LAB-CYBER2'),
('SVB1505','K/1','Senin','09:00 - 10:40','B0220803'),
('SVB154A','K/1','Senin','09:00 - 10:40','B043REPR'),
('SVB1553','K/1','Senin','09:00 - 11:00','B051HLAB'),
('SVB1551','K/1','Senin','09:30 - 11:10','B062KESM'),
('SVB1569','K/1','Senin','10:00 - 11:40','B083ANAT'),
('SVB1533','P/1','Senin','10:30 - 13:00','B051HLAB'),
('SVB1505','P/1','Senin','11:00 - 13:30','B0220801'),
('SVB1564','K/1','Senin','13:00 - 15:00','B051FARM'),
('SVB1569','P/1','Senin','13:00 - 15:30','B051HLAB'),
('SVB1553','P/1','Senin','13:00 - 15:45','B001FARM'),
('SVB1551','P/1','Senin','13:30 - 16:00','B051LFIF3'),
('SVB1543','K/1','Selasa','08:00 - 08:50','B051LFIF'),
('SVB1522','K/1','Selasa','08:00 - 09:40','B013TRPD3'),
('SVB1565','K/1','Selasa','08:00 - 10:00','B0240807'),
('SVB1627','K/1','Selasa','09:00 - 09:50','B013TRPD3'),
('SVB1556','K/1','Selasa','09:00 - 10:00','B014RRB2'),
('SVB1543','P/1','Selasa','09:00 - 11:00','B013TRPD2'),
('SVB156D','K/1','Selasa','09:00 - 11:00','B0DIPDLM'),
('SVB1513','K/1','Selasa','09:00 - 11:30','B051HLAB'),
('SVB1595','P/1','Selasa','09:00 - 14:00','B000FKHA'),
('SVB1552','K/1','Selasa','10:00 - 12:00','B000FKHA'),
('SVB1522','P/1','Selasa','10:00 - 12:30','B032KLIN'),
('SVB1556','P/1','Selasa','10:00 - 12:30','B0220803'),
('SVB1627','P/1','Selasa','10:00 - 12:30','B000FKHA'),
('SVB1561','K/1','Selasa','11:00 - 13:00','LAB-CYBER2'),
('SVB151C','K/1','Selasa','13:00 - 14:40','B001FARM-2'),
('SVB156D','P/1','Selasa','13:00 - 15:00','B063PKIT'),
('SVB1552','P/1','Selasa','13:00 - 15:40','B00PROTO'),
('SVB1557','K/1','Selasa','13:30 - 15:30','B051FARM'),
('SVB1565','P/1','Selasa','13:30 - 15:30','B013TRPD3'),
('SVB1626','K/1','Selasa','14:00 - 15:40','B0220801'),
('STA1515','K/1','Rabu','07:30 - 09:30','B000FKB2'),
('SVB1625','K/1','Rabu','08:00 - 10:00','B051LFIF'),
('SVB1596','P/1','Rabu','08:30 - 16:00','B0220801'),
('SVB1555','K/1','Rabu','09:00 - 09:50','B0220801'),
('SVB1634','K/1','Rabu','09:00 - 10:40','LAB-CYBER2'),
('SVB1562','K/1','Rabu','10:00 - 12:00','B0240807'),
('SVB1625','P/1','Rabu','10:00 - 12:00','B000RURR-C'),
('SVB1555','P/1','Rabu','10:00 - 12:30','B051HLAB'),
('STA1515','P/1','Rabu','13:00 - 15:00','B000FKB2'),
('SVB1545','P/1','Rabu','15:10 - 17:40','B000MOES-B'),
('SVB156C','K/1','Kamis','08:00 - 09:00','B014RRB2'),
('SVB1566','K/1','Kamis','08:00 - 09:40','B032KLIN'),
('SVB1563','K/1','Kamis','08:00 - 10:00','B000MOES-B'),
('SVB1541','K/1','Kamis','09:00 - 09:50','B013TRPD3'),
('SVB1521','K/1','Kamis','09:00 - 10:40','B072RPPT'),
('SVB1554','K/1','Kamis','09:00 - 11:00','B051LFIF3'),
('SVB1535','K/1','Kamis','10:00 - 11:40','B032KLIN'),
('SVB1541','P/1','Kamis','10:00 - 12:30','B000RURR'),
('SVB1566','P/1','Kamis','10:00 - 12:30','B0220803'),
('SVB1521','P/1','Kamis','11:00 - 14:30','B000FKHA'),
('SVB1554','P/1','Kamis','13:00 - 15:30','B062KESM'),
('SVB156C','P/1','Kamis','13:00 - 15:30','B051HLAB'),
('SVB1563','P/1','Kamis','13:30 - 15:30','B0DIPDLM'),
('SVB1534','K/1','Kamis','14:00 - 15:40','B083ANAT'),
('SVB154G','K/1','Jumat','08:00 - 08:50','B000MEDI'),
('SVB1503','K/1','Jumat','08:00 - 09:40','B000FKB2'),
('SVB1628','K/1','Jumat','08:00 - 09:40','B014RRB2'),
('SVB151A','K/1','Jumat','09:00 - 10:40','B013TRPD2'),
('SVB154G','P/1','Jumat','09:00 - 11:00','B000FKB2'),
('SVB1568','K/1','Jumat','09:00 - 11:00','B00PROTO'),
('SVB1502','K/1','Jumat','10:00 - 10:40','B0XCYBER'),
('SVB154E','K/1','Jumat','13:00 - 13:50','B051HLAB'),
('SVB1568','P/1','Jumat','13:00 - 15:30','B000MOES'),
('SVB1501','K/1','Jumat','13:15 - 15:00','LAB-CYBER2'),
('SVB1628','P/1','Jumat','13:30 - 15:30','B013TRPD2'),
('SVB154E','P/1','Jumat','14:00 - 16:30','B0PARAST'),
('SVB1501','P/1','Jumat','15:10 - 17:40','B001FARM'),
('SVB1546','P/1','Sabtu','08:00 - 10:30','B063PKIT'),
('AKU1651','K/2','Senin','08:00 - 09:40','C0014'),
('AKU1621','K/1','Senin','10:00 - 11:40','C0007'),
('AKU1641','K/1','Senin','13:00 - 14:40','C0002'),
('AKU1623','K/1','Senin','15:00 - 16:40','C0012'),
('AKU1522','K/1','Selasa','08:00 - 09:40','LABIPBCC1'),
('AKU1691','K/1','Selasa','09:00 - 10:00','C123RBEN'),
('AKU1642','K/1','Selasa','10:00 - 11:40','C0002'),
('AKU1501','K/1','Selasa','13:00 - 14:40','C162RP23'),
('AKU1501','K/2','Selasa','13:00 - 14:41','C162RP23'),
('AKU1501','P/1','Selasa','15:00 - 18:00','162RP22'),
('AKU1501','P/2','Selasa','15:00 - 18:00','C0013'),
('AKU1623','P/1','Rabu','13:00 - 16:00','C132RGAM'),
('AKU1622','K/1','Rabu','16:05 - 17:45','C1110104'),
('AKU1611','K/1','Kamis','08:00 - 09:40','C0002'),
('AKU1691','K/2','Kamis','09:00 - 10:00','C123RBEN'),
('AKU1612','K/1','Kamis','10:00 - 11:40','C0002'),
('AKU1632','K/1','Kamis','13:00 - 14:40','C162RP21'),
('AKU1642','P/1','Kamis','15:00 - 18:00','C0005'),
('AKU1622','P/2','Jumat','07:00 - 10:00','162RP22'),
('AKU1631','K/1','Jumat','10:00 - 11:40','C162RP25'),
('AKU1652','K/1','Jumat','13:00 - 14:40','C0007'),
('AKU1632','P/1','Jumat','15:00 - 18:00','C0007'),
('SDP1526','K/1','Senin','07:00 - 07:50','C0003'),
('SDP1524','K/1','Senin','09:00 - 09:50','C0003'),
('SDP1523','K/1','Senin','10:00 - 10:50','C0004'),
('SDP1521','K/1','Senin','10:00 - 11:40','C0003'),
('SDP1623','K/1','Senin','13:00 - 13:50','C0005'),
('SDP1502','K/1','Senin','13:00 - 14:40','C0003'),
('SDP1523','P/1','Senin','14:50 - 17:50','C0003'),
('SDP1501','K/1','Senin','15:00 - 16:40','C0004'),
('SDP1512','K/1','Senin','16:00 - 16:50','C0007'),
('SDP1525','K/1','Selasa','09:00 - 09:50','C0003'),
('SDP1636','K/1','Selasa','10:00 - 10:50','C0003'),
('SDP1615','K/1','Selasa','13:00 - 13:50','LABIPBCC'),
('SDP1621','K/1','Selasa','13:00 - 13:50','C162RP24'),
('SDP1522','K/1','Selasa','13:00 - 14:40','C0003'),
('SDP1526','P/1','Selasa','13:00 - 16:00','C0007'),
('SDP1502','P/1','Selasa','15:00 - 18:00','L0007'),
('SDP1522','P/1','Selasa','15:00 - 18:00','C0003'),
('SDP1623','P/1','Selasa','15:00 - 18:00','C0005'),
('SDP1513','K/1','Rabu','08:00 - 08:50','C0003'),
('SDP1622','K/1','Rabu','08:00 - 08:50','C1110101'),
('SDP1628','K/1','Rabu','13:00 - 14:40','C0007'),
('SDP1631','K/1','Rabu','15:00 - 15:50','C0007'),
('SDP1524','P/1','Rabu','15:00 - 18:00','C0005'),
('SDP1525','P/1','Rabu','15:00 - 18:00','C0004'),
('SDP1621','P/1','Rabu','15:00 - 18:00','C162RP25'),
('SDP1527','K/1','Kamis','07:00 - 07:50','C0007'),
('SDP1503','K/1','Kamis','07:00 - 08:40','C0003'),
('SDP1633','K/1','Kamis','09:00 - 09:50','C0003'),
('SDP1521','P/1','Kamis','09:00 - 12:00','C0011'),
('SDP1527','P/1','Kamis','09:00 - 12:00','C0007'),
('SDP1636','P/1','Kamis','09:00 - 12:00','C0004'),
('SDP1514','K/1','Kamis','10:00 - 10:50','C0013'),
('SDP1503','P/1','Kamis','13:00 - 16:00','C0003'),
('SDP1631','P/1','Kamis','13:00 - 16:00','C0011'),
('SDP1512','P/1','Kamis','14:00 - 17:00','C002RKB1'),
('SDP1611','K/1','Kamis','15:00 - 15:50','C0005'),
('SDP1633','P/1','Kamis','15:00 - 18:00','C001RKB2'),
('SDP1514','P/1','Jumat','07:00 - 10:00','C0004'),
('SDP1501','P/1','Jumat','08:00 - 11:00','C0003'),
('SDP1615','P/1','Jumat','13:00 - 16:00','C0010'),
('SDP1622','P/1','Jumat','14:00 - 17:00','C0004'),
('SDP1513','P/1','Jumat','15:00 - 18:00','C0005'),
('SDP1611','P/1','Jumat','15:00 - 18:00','L0007'),
('SPL1613','K/1','Senin','07:00 - 07:50','L0007'),
('SPL1637','K/1','Senin','08:00 - 09:40','L0007'),
('SPL1621','K/1','Senin','10:00 - 11:40','C0007'),
('SPL1638','K/1','Senin','10:00 - 11:40','L0007'),
('SPL1624','K/1','Senin','13:00 - 14:40','L0007'),
('SPL1611','K/1','Senin','15:00 - 15:50','L0007'),
('SPL1501','K/1','Senin','15:00 - 16:40','C0006'),
('SPL1612','K/1','Selasa','07:00 - 08:40','C0007'),
('SPL1639','K/1','Selasa','08:00 - 08:50','L0007'),
('SPL1636','K/1','Selasa','09:00 - 10:40','L0007'),
('SPL1631','K/1','Selasa','13:00 - 14:40','L0007'),
('STA1512','K/4','Rabu','07:30 - 09:30','PPS-R404'),
('SPL163A','K/1','Rabu','13:00 - 14:40','C0003'),
('STA1512','P/4','Rabu','13:00 - 15:00','PPS-R404'),
('SPL1639','P/1','Rabu','15:00 - 18:00','L0007'),
('SPL1632','K/1','Kamis','07:00 - 08:40','C0006'),
('SPL1614','K/1','Kamis','09:00 - 10:40','L0007'),
('SPL1632','P/1','Kamis','09:00 - 12:00','C0012'),
('SPL1634','K/1','Kamis','13:00 - 14:40','C132RGAM'),
('SPL1635','K/1','Kamis','13:00 - 14:40','L0007'),
('SPL1611','P/1','Kamis','13:00 - 16:00','C0007'),
('SPL1622','K/1','Kamis','15:00 - 16:40','L0007'),
('SPL1613','P/1','Jumat','07:00 - 10:00','L0007'),
('SPL1501','P/1','Jumat','08:00 - 11:00','C0007'),
('SPL1623','K/1','Jumat','13:30 - 14:20','C0011'),
('SPL1511','K/1','Jumat','13:30 - 15:10','C0013'),
('SPL1601','K/1','Jumat','15:00 - 16:40','C002RKA1'),
('SPL1623','P/1','Jumat','15:00 - 18:00','C0007'),
('THP1601','K/1','Senin','08:00 - 09:40','C0011'),
('THP1601','P/1','Senin','10:00 - 13:00','C0011'),
('THP1535','K/1','Senin','13:00 - 14:40','C0011'),
('THP1616','K/1','Senin','13:00 - 14:40','162RP22'),
('THP1622','K/1','Senin','13:00 - 14:40','C0003'),
('THP1535','P/1','Senin','15:00 - 18:00','C0011'),
('THP1616','P/1','Senin','15:00 - 18:00','C022RKC3'),
('THP1622','P/1','Senin','15:00 - 18:00','C0010'),
('THP1528','K/1','Selasa','08:00 - 09:40','C0011'),
('THP1512','K/1','Selasa','10:00 - 11:40','C0011'),
('THP151A','K/1','Selasa','10:00 - 11:40','C012RKC2'),
('THP1525','K/1','Selasa','10:00 - 11:40','C0012'),
('THP1624','K/1','Selasa','13:00 - 14:40','C0011'),
('THP1512','P/1','Selasa','15:00 - 18:00','C0006'),
('THP1525','P/1','Selasa','15:00 - 18:00','LABMSP01'),
('THP1624','P/1','Selasa','15:00 - 18:00','C022RKC4'),
('THP1502','K/1','Rabu','08:00 - 09:40','C0011'),
('THP169B','P/1','Rabu','08:00 - 14:00','C022RKC3'),
('THP1639','K/1','Rabu','13:00 - 14:40','LABIPBCC1'),
('THP1502','P/1','Rabu','15:00 - 18:00','C0009'),
('THP1514','K/1','Kamis','08:00 - 09:40','LABIPBCC1'),
('THP1533','K/1','Kamis','08:00 - 09:40','LABIPBCC1'),
('THP1623','K/1','Kamis','08:00 - 09:40','C0011'),
('THP1634','K/1','Kamis','10:00 - 11:40','C001RKB2'),
('THP1623','P/1','Kamis','10:00 - 13:00','LABIPBCC1'),
('THP1514','P/1','Kamis','13:00 - 16:00','C1110102'),
('THP1533','P/1','Kamis','13:00 - 16:00','C1110104'),
('THP1634','P/1','Kamis','15:00 - 18:00','C123RBEN'),
('THP1536','K/1','Jumat','08:00 - 09:40','C132RGAM'),
('THP1615','K/1','Jumat','08:00 - 09:40','C0011'),
('THP1531','K/1','Jumat','10:00 - 11:40','C0011'),
('THP1536','P/1','Jumat','13:00 - 16:00','162RP22'),
('THP1615','P/1','Jumat','13:00 - 16:00','C0004'),
('THP1531','P/1','Jumat','16:00 - 19:00','C002RKA1'),
('TPL1522','K/1','Senin','08:00 - 09:40','C0015'),
('TPL1533','K/1','Senin','08:00 - 09:40','F-B2042'),
('TPL1512','K/1','Senin','09:00 - 10:40','C0010'),
('TPL1523','K/1','Senin','13:00 - 14:40','C0014'),
('TPL1536','K/1','Senin','16:00 - 17:40','C132RGAM'),
('TPL1522','P/1','Selasa','08:00 - 11:00','C0015'),
('TPL1512','P/1','Selasa','13:00 - 15:00','L0009'),
('TPL1536','P/1','Selasa','16:00 - 19:00','C022RKC4'),
('TPL1521','K/1','Rabu','08:00 - 09:40','C0014'),
('TPL1531','K/1','Rabu','08:00 - 09:40','C0015'),
('TPL1542','K/1','Rabu','08:00 - 09:40','L0009'),
('TPL1614','K/1','Rabu','08:00 - 09:40','F-B2042'),
('TPL1553','K/1','Rabu','13:00 - 14:40','L0009'),
('TPL1523','P/1','Rabu','13:00 - 16:00','C0014'),
('TPL1532','K/1','Rabu','19:00 - 20:40','C0003'),
('TPL1542','P/1','Kamis','07:30 - 10:30','C0014'),
('TPL1552','K/1','Kamis','08:00 - 09:40','L0009'),
('TPL1531','P/1','Kamis','08:00 - 11:00','C0015'),
('TPL1614','P/1','Kamis','08:00 - 11:00','F-B2042'),
('TPL1647','K/1','Kamis','10:40 - 12:20','C0014'),
('TPL1545','K/1','Kamis','13:00 - 14:40','L0009'),
('TPL1521','P/1','Kamis','13:00 - 16:00','C0014'),
('TPL1532','P/1','Kamis','16:00 - 19:00','C0015'),
('TPL1543','K/1','Jumat','08:00 - 09:40','C0014'),
('TPL1553','P/1','Jumat','08:00 - 11:00','L0009'),
('TPL1637','K/1','Jumat','14:00 - 15:40','L0009'),
('TPL1552','P/1','Jumat','14:00 - 17:00','C0015'),
('TPL1647','P/1','Jumat','19:00 - 21:00','C0014'),
('IKL1501','K/1','Senin','08:00 - 09:40','C001RKB2'),
('IKL1523','K/1','Senin','08:00 - 09:40','C0007'),
('IKL1526','K/1','Senin','10:00 - 11:40','C162RP21'),
('IKL1611','K/1','Senin','10:00 - 11:40','C162RP21'),
('IKL1621','K/1','Senin','10:00 - 11:40','C0005'),
('IKL1526','P/1','Senin','13:00 - 15:00','C0010'),
('IKL1611','P/1','Senin','13:00 - 15:00','C002RKB1'),
('IKL1621','P/1','Senin','13:00 - 15:00','C0013'),
('IKL1625','K/1','Selasa','08:00 - 09:40','C0009'),
('IKL1515','K/1','Selasa','10:00 - 11:40','C0004'),
('IKL1626','K/1','Selasa','10:00 - 11:40','C0003'),
('IKL1515','P/1','Selasa','13:00 - 15:00','C1110102'),
('IKL1625','P/1','Selasa','13:00 - 15:00','C0004'),
('IKL1626','P/1','Selasa','13:00 - 15:00','C0002'),
('IKL1624','K/1','Rabu','08:00 - 09:40','C0011'),
('IKL1612','K/1','Rabu','13:30 - 15:10','C162RP21'),
('IKL1627','K/1','Rabu','13:30 - 15:10','C162RP23'),
('IKL1624','P/1','Rabu','15:00 - 17:00','C0015'),
('IKL1524','K/1','Kamis','08:00 - 09:40','C012RKC2'),
('IKL1514','K/1','Kamis','10:00 - 11:40','C022RKC3'),
('IKL1623','K/1','Kamis','10:00 - 11:40','C022RKC3'),
('IKL1524','P/1','Kamis','10:00 - 12:00','C162RP24'),
('IKL1527','K/1','Kamis','13:00 - 14:40','C0012'),
('IKL1514','P/1','Kamis','13:00 - 15:00','C0004'),
('IKL1527','P/1','Kamis','15:00 - 17:00','C1110104'),
('IKL1622','K/1','Jumat','08:00 - 09:40','C162RP21'),
('IKL1612','P/1','Jumat','08:00 - 10:00','C0009'),
('IKL1627','P/1','Jumat','10:00 - 12:00','C1110102'),
('IKL1622','P/1','Jumat','13:30 - 15:30','C0008'),
('TEK1641','K/1','Senin','13:00 - 14:40','C0010'),
('TEK1634','K/1','Senin','15:00 - 16:25','C0009'),
('TEK1641','P/1','Senin','15:00 - 17:00','C0010'),
('TEK1634','P/1','Senin','16:30 - 17:30','C0009'),
('TEK1541','K/1','Selasa','08:00 - 09:40','C0010'),
('TEK1635','K/1','Selasa','08:00 - 09:40','C0012'),
('TEK1541','P/1','Selasa','10:00 - 12:00','C0008'),
('TEK1635','P/1','Selasa','11:00 - 12:00','C0012'),
('TEK1506','K/1','Rabu','08:30 - 10:10','C0012'),
('TEK1531','K/1','Rabu','13:30 - 15:10','C0010'),
('TEK1531','P/1','Rabu','15:30 - 17:30','C0010'),
('TEK1647','K/1','Kamis','08:00 - 09:40','C0012'),
('TEK1647','P/1','Kamis','10:00 - 12:00','C0013'),
('TEK1642','K/1','Kamis','13:00 - 14:40','C0013'),
('TEK1642','P/1','Kamis','15:00 - 17:00','C0013'),
('TEK1632','K/1','Jumat','08:00 - 09:40','C0009'),
('TEK1632','P/1','Jumat','10:00 - 12:00','C0009'),
('ITP1512','K/1','Selasa','08:00 - 09:40','D-LAB006'),
('ITP1521','K/1','Selasa','08:00 - 09:40','D11002401'),
('ITP1532','K/1','Selasa','08:00 - 09:40','D-SEM001'),
('ITP1534','K/1','Selasa','08:00 - 09:40','D101C7C8'),
('ITP1542','K/1','Selasa','08:00 - 09:40','D-LAB014'),
('ITP1652','K/1','Selasa','08:00 - 09:40','D-LAB004'),
('ITP1653','K/1','Selasa','10:00 - 11:40','D-LAB003'),
('ITP1512','P/1','Selasa','10:00 - 12:30','D-LAB013'),
('ITP1543','P/1','Selasa','10:00 - 12:30','D-LAB013'),
('ITP1652','P/1','Selasa','10:00 - 12:30','D000GENE'),
('ITP1534','P/1','Selasa','13:00 - 16:00','D002RB03'),
('ITP1653','P/1','Selasa','13:30 - 16:00','D-LAB002'),
('ITP1533','K/1','Rabu','08:00 - 09:40','D000GENE'),
('ITP1543','K/1','Rabu','08:00 - 09:40','D-LAB017'),
('ITP1613','K/1','Rabu','08:00 - 09:40','D-LAB005'),
('ITP1622','K/1','Rabu','08:00 - 09:40','D091RC04'),
('ITP1625','K/1','Rabu','08:00 - 09:40','D-LAB009'),
('ITP1533','P/1','Rabu','13:00 - 15:30','D-LAB010'),
('ITP1542','P/1','Rabu','13:00 - 15:30','D101C5C6'),
('ITP1613','P/1','Rabu','13:00 - 15:30','D-LAB009'),
('ITP1622','P/1','Rabu','13:00 - 16:00','D062CBCC'),
('ITP1514','K/1','Kamis','08:00 - 09:40','D-LAB010'),
('ITP1523','K/1','Kamis','08:00 - 09:40','D-LAB014'),
('ITP1544','K/1','Kamis','08:00 - 09:40','D-LAB016'),
('ITP1636','K/1','Kamis','08:00 - 09:40','D091C1C2'),
('ITP1514','P/1','Kamis','10:00 - 12:30','D062CBCC'),
('ITP1523','P/1','Kamis','10:00 - 12:30','D101C7C8'),
('ITP1544','P/1','Kamis','10:00 - 12:30','D002RB01'),
('ITP1636','P/1','Kamis','14:00 - 16:30','D-LAB001'),
('ITP1524','K/1','Jumat','08:00 - 09:40','D002RB02'),
('ITP1545','K/1','Jumat','08:00 - 09:40','D-LAB013'),
('ITP1555','K/1','Jumat','08:00 - 09:40','D-SEM001'),
('ITP1557','K/1','Jumat','08:00 - 09:40','D-SEM001'),
('ITP1524','P/1','Jumat','14:00 - 16:30','D-LAB016'),
('ITP1545','P/1','Jumat','14:00 - 16:30','D-LAB006'),
('ITP1555','P/1','Jumat','14:00 - 16:30','D-LAB013'),
('ITP1557','P/1','Jumat','14:00 - 16:30','D-LAB008'),
('ITP1654','K/1','Sabtu','08:00 - 09:40','D-LAB013'),
('ITP1654','P/1','Sabtu','10:00 - 12:30','D101C7C8'),
('INP1622','K/1','Senin','08:00 - 09:40','D002RB01'),
('INP1633','K/1','Senin','08:00 - 09:40','D062C9CA'),
('INP1642','K/1','Senin','10:30 - 12:10','D-LAB016'),
('INP1622','P/1','Senin','13:00 - 16:00','D062C9CA'),
('INP1633','P/1','Senin','13:00 - 16:00','D091RC04'),
('INP1642','P/1','Senin','13:00 - 16:00','D-LAB010'),
('INP1592','K/1','Selasa','11:00 - 12:40','D-LAB006'),
('INP1592','P/1','Selasa','13:00 - 16:00','D001RA01'),
('INP1612','K/1','Rabu','08:00 - 09:40','D-LAB002'),
('INP1632','K/1','Rabu','08:00 - 09:40','D-LAB014'),
('INP1652','K/1','Rabu','08:00 - 09:40','D-LAB008'),
('INP1662','K/1','Rabu','08:00 - 09:40','D062C9CA'),
('INP1612','P/1','Rabu','13:00 - 16:00','D-SEM001'),
('INP1632','P/1','Rabu','13:00 - 16:00','D-LAB012'),
('INP1652','P/1','Rabu','13:00 - 16:00','D-LAB001'),
('INP1693','K/1','Kamis','07:00 - 08:00','D002RB02'),
('INP1613','K/1','Kamis','08:00 - 09:40','D-LAB014'),
('INP1623','K/1','Kamis','08:00 - 09:40','D091RC04'),
('INP1663','K/1','Kamis','08:00 - 09:40','D001RA01'),
('INP1613','P/1','Kamis','13:00 - 16:00','D062C9CA'),
('INP1623','P/1','Kamis','13:00 - 16:00','D-LAB001'),
('INP1663','P/1','Kamis','13:00 - 16:00','D-LAB002'),
('INP1643','K/1','Jumat','08:00 - 09:40','D002RB01'),
('INP1643','P/1','Jumat','13:00 - 16:00','D062C9CA'),
('INP1662','P/1','Jumat','13:30 - 16:30','D-LAB016'),
('THH1501','K/1','Senin','08:00 - 09:40','E000G102'),
('THH1616','K/1','Senin','08:00 - 09:40','E000X202'),
('THH1531','K/1','Senin','10:00 - 11:40','E000DA3B'),
('THH1633','K/1','Senin','10:00 - 11:40','E000AUD1'),
('THH1601','K/1','Senin','13:00 - 14:40','E003B301'),
('THH1624','K/1','Selasa','08:00 - 09:40','E000AUD3'),
('THH1531','P/1','Selasa','08:00 - 11:00','E000DA3A'),
('THH1502','K/1','Selasa','10:00 - 11:40','E0002'),
('THH1643','K/1','Selasa','10:00 - 11:40','E00GU201'),
('THH1651','K/1','Selasa','10:00 - 11:40','E000X031'),
('THH1612','K/1','Selasa','13:00 - 14:40','E000X034'),
('THH1616','P/1','Selasa','13:00 - 16:00','E003B301'),
('THH1651','P/1','Selasa','13:00 - 16:00','E000X022'),
('THH1602','K/1','Rabu','08:00 - 09:40','E000G102'),
('THH1643','P/1','Rabu','09:50 - 11:50','E002L201'),
('THH1624','P/1','Rabu','09:50 - 12:50','E000DAR2'),
('THH1501','P/1','Rabu','13:00 - 16:00','E000GERG'),
('THH1541','K/1','Rabu','13:00 - 16:00','E000X022'),
('THH1632','K/1','Kamis','08:00 - 09:40','E0007'),
('THH150R','K/1','Kamis','10:00 - 11:40','E000X035'),
('THH1511','K/1','Kamis','13:00 - 14:40','E000G102'),
('THH1632','P/1','Kamis','13:00 - 16:00','E000SSK1'),
('THH1602','P/1','Jumat','08:00 - 11:00','0000A04'),
('THH1612','P/1','Jumat','08:00 - 11:00','E000X107'),
('THH1633','P/1','Jumat','08:00 - 11:00','E002L201'),
('THH1502','P/1','Jumat','13:30 - 16:30','E00GU301'),
('KSH1502','K/1','Senin','08:30 - 10:10','E0007'),
('KSH1502','P/1','Senin','10:30 - 13:30','E0007'),
('KSH1511','K/1','Selasa','09:00 - 10:40','E0007'),
('KSH1656','K/2','Selasa','09:00 - 10:40','L0004'),
('KSH1511','P/1','Selasa','13:00 - 16:00','E0007'),
('KSH1512','K/1','Rabu','08:30 - 10:10','E0007'),
('KSH1541','K/1','Rabu','09:00 - 10:40','E000DA4B'),
('KSH1512','P/1','Rabu','13:00 - 16:00','E0007'),
('KSH1618','K/1','Kamis','08:00 - 09:40','E000GERG'),
('KSH1623','K/1','Kamis','09:00 - 10:40','L0004'),
('KSH1646','K/1','Kamis','09:00 - 10:40','E0005'),
('KSH1655','K/1','Kamis','09:00 - 10:40','E0006'),
('KSH1646','P/2','Kamis','13:00 - 16:00','E0005'),
('KSH1632','K/1','Jumat','09:30 - 11:10','E0006'),
('KSH1642','K/1','Jumat','13:30 - 15:10','L0004'),
('SVK1621','K/1','Senin','07:00 - 08:40','E0002'),
('SVK1501','K/1','Senin','08:00 - 09:40','E0004'),
('SVK1621','P/1','Senin','09:00 - 12:00','E0002'),
('SVK1501','P/1','Senin','10:00 - 13:00','E0004'),
('BOT1632','K/1','Selasa','10:00 - 11:40','G0014'),
('SVK1621','K/2','Rabu','07:00 - 08:40','E0002'),
('SVK1634','K/1','Rabu','08:00 - 09:40','E00GU201'),
('SVK1611','K/1','Rabu','09:00 - 10:40','E0003'),
('SVK1621','P/2','Rabu','09:00 - 12:00','E0002'),
('SVK1611','P/1','Rabu','13:00 - 16:00','E0001'),
('SVK1634','P/1','Rabu','15:00 - 18:00','E0003'),
('SVK1521','K/1','Jumat','08:00 - 09:40','E0004'),
('SVK1521','P/1','Jumat','13:30 - 16:30','E0004'),
('TPB1613','K/1','Senin','08:00 - 09:50','F0006'),
('TPB1606','K/1','Senin','10:00 - 11:50','F0006'),
('TPB1641','K/1','Senin','10:00 - 11:50','F-G305'),
('TPB1642','K/1','Selasa','08:00 - 09:50','F-B2041'),
('TPB1501','K/1','Selasa','13:00 - 13:50','F0006'),
('TPB1501','P/1','Selasa','14:00 - 16:50','F0006'),
('TPB1614','K/1','Rabu','08:00 - 09:50','F0010AMN'),
('TPB1623','K/1','Rabu','10:00 - 11:40','F0006'),
('TPB1621','K/1','Rabu','13:00 - 14:50','H203'),
('TPB1611','K/1','Rabu','15:00 - 16:40','F0002PAU'),
('TPB1612','K/1','Rabu','15:00 - 16:50','F0006'),
('TPB1631','K/1','Kamis','08:00 - 09:50','F0012040'),
('TPB1643','K/1','Kamis','08:00 - 09:50','FD310L02'),
('TPB1605','K/1','Kamis','10:00 - 11:50','F0006'),
('TPB1602','P/1','Kamis','13:00 - 16:00','F0006'),
('TPB1632','K/1','Jumat','08:00 - 09:50','F0006'),
('TPB1617','K/1','Jumat','09:30 - 11:00','F-E302'),
('TPB1633','K/1','Jumat','13:00 - 14:50','FD310L02'),
('TPP1625','K/1','Senin','08:00 - 09:50','F0002'),
('TPP1626','K/1','Senin','10:00 - 11:50','F-G404'),
('TPP1531','K/1','Senin','13:00 - 14:50','F0007'),
('TPP1522','K/1','Selasa','08:00 - 09:50','F0007'),
('TPP1622','K/1','Selasa','10:00 - 11:50','F0007'),
('TPP1523','K/1','Rabu','08:00 - 09:50','F0007'),
('TPP1624','K/1','Rabu','10:00 - 11:50','F0007'),
('TPP1629','K/1','Rabu','13:00 - 14:50','IPBF0303'),
('TPP1524','P/1','Kamis','08:00 - 10:50','F0007'),
('TPP1627','K/1','Kamis','10:00 - 11:50','IPBF0303'),
('TPP1621','K/1','Jumat','08:00 - 09:50','F-B2042'),
('TPP1628','K/1','Jumat','13:00 - 14:50','IPBF0303'),
('IPN1612','K/1','Senin','10:00 - 11:40','L0002'),
('IPN1621','K/1','Senin','10:00 - 11:40','L0003'),
('IPN1613','K/1','Senin','13:00 - 14:40','F-E305'),
('IPN1503','K/1','Selasa','08:00 - 09:40','L0003'),
('IPN1503','K/2','Selasa','08:00 - 09:40','L0002'),
('IPN1641','K/1','Selasa','10:00 - 12:30','L0003'),
('IPN1506','P/1','Selasa','12:30 - 15:00','L0002'),
('IPN1506','P/2','Selasa','15:30 - 18:00','L0003'),
('IPN1633','K/1','Rabu','07:30 - 10:00','L0003'),
('IPN1506','K/1','Rabu','13:00 - 14:40','L0002'),
('IPN1506','K/2','Rabu','13:00 - 14:40','L0003'),
('IPN1642','P/1','Rabu','15:00 - 18:00','IPBF0303'),
('IPN1504','K/1','Kamis','08:00 - 09:40','L0002'),
('IPN1504','K/2','Kamis','08:00 - 09:40','L0003'),
('IPN1634','K/1','Kamis','10:00 - 11:40','L0003'),
('IPN1623','K/1','Jumat','08:00 - 10:30','L0002'),
('IPN1612','P/1','Jumat','08:00 - 11:00','L0003'),
('IPN1642','K/1','Jumat','13:30 - 15:10','L0002'),
('TPN1503','K/1','Sabtu','08:00 - 09:40','L0006'),
('TPN1541','K/1','Sabtu','09:50 - 11:30','L0001'),
('TPN1601','K/2','Sabtu','09:50 - 11:30','L0006'),
('TPN1541','K/2','Sabtu','12:30 - 14:10','L0006'),
('TPN1601','K/1','Sabtu','12:30 - 14:10','L0001'),
('TPN1602','K/1','Sabtu','14:20 - 16:00','L0006'),
('TPN1622','K/1','Sabtu','14:20 - 16:00','L0001'),
('TPN1641','K/1','Sabtu','14:20 - 16:00','L0005'),
('TPN1602','P/1','Sabtu','16:00 - 16:50','L0006'),
('TPN1622','P/1','Sabtu','16:00 - 16:50','F-G305'),
('TIN1592','K/1','Senin','08:00 - 09:00','F0001'),
('TIN1592','P/1','Senin','09:00 - 10:00','F0001'),
('TIN1562','K/1','Senin','10:00 - 11:40','F0002'),
('TIN1617','K/1','Senin','13:00 - 14:40','F-E302'),
('TIN1662','K/1','Senin','13:00 - 14:40','F0005'),
('TIN1675','K/1','Senin','13:00 - 14:40','F-B2042'),
('TIN1562','P/1','Senin','13:00 - 15:00','F0002'),
('TIN1675','P/1','Senin','14:40 - 17:00','F-F204'),
('TIN1662','P/1','Senin','15:00 - 17:00','F0005'),
('TIN1617','P/1','Senin','15:00 - 17:30','F-G403'),
('TIN1521','K/1','Selasa','08:00 - 09:40','F0001'),
('TIN1619','K/1','Selasa','08:00 - 09:40','F0005'),
('TIN1521','P/1','Selasa','09:40 - 12:10','F0001'),
('TIN1619','P/1','Selasa','09:40 - 12:10','F0005'),
('TIN1629','K/1','Selasa','13:00 - 14:40','F0001'),
('TIN1651','K/1','Selasa','13:00 - 14:40','F0004'),
('TIN1629','P/2','Selasa','15:00 - 17:00','F0001'),
('TIN1651','P/1','Selasa','15:00 - 17:00','F-G417'),
('TIN1678','K/1','Rabu','08:00 - 09:00','F-G305'),
('TIN1511','K/1','Rabu','08:00 - 09:40','F0001'),
('TIN1664','K/1','Rabu','08:00 - 09:40','F0003'),
('TIN1644','K/1','Rabu','13:00 - 14:40','F0003'),
('TIN1511','P/1','Rabu','13:00 - 15:30','F0001'),
('TIN1678','P/1','Rabu','13:00 - 15:30','F0005'),
('TIN1644','P/1','Rabu','14:40 - 17:00','F000LAB'),
('TIN1691','P/1','Kamis','07:00 - 09:30','F0012040'),
('TIN1691','P/2','Kamis','07:00 - 09:30','F-E304'),
('TIN1691','P/3','Kamis','07:00 - 09:30','F-B2041'),
('TIN1691','P/4','Kamis','07:00 - 09:30','F-G302'),
('TIN1691','P/5','Kamis','07:00 - 09:30','F-B2044'),
('TIN1612','K/1','Kamis','08:00 - 09:40','F0002'),
('TIN162A','K/1','Kamis','08:00 - 09:40','F0001'),
('TIN1612','P/1','Kamis','09:40 - 12:10','F0002'),
('TIN162A','P/1','Kamis','09:40 - 12:10','F0012040'),
('TIN1692','P/1','Kamis','10:00 - 10:50','F0003'),
('TIN1631','K/1','Kamis','13:00 - 14:40','L0008'),
('TIN1633','K/1','Kamis','13:00 - 14:40','F0002'),
('TIN1691','P/10','Kamis','13:00 - 15:30','F-E304'),
('TIN1691','P/6','Kamis','13:00 - 15:30','F001LAB'),
('TIN1691','P/7','Kamis','13:00 - 15:30','F0001'),
('TIN1691','P/8','Kamis','13:00 - 15:30','F-G305'),
('TIN1691','P/9','Kamis','13:00 - 15:30','F0003PAU'),
('TIN1633','P/1','Kamis','14:40 - 17:00','F0002'),
('TIN1631','P/1','Kamis','15:00 - 18:00','F-G412'),
('TIN1691','P/11','Kamis','16:30 - 18:00','F-G401'),
('TIN1691','P/12','Kamis','16:30 - 18:00','IPBF0201'),
('TIN1691','P/13','Kamis','16:30 - 18:00','F-G414'),
('TIN1691','P/14','Kamis','16:30 - 18:00','F0011030'),
('TIN1691','P/15','Kamis','16:30 - 18:00','F0006'),
('TIN1691','P/16','Kamis','16:30 - 18:00','IPBF0203'),
('TIN1676','K/1','Jumat','08:00 - 09:40','F0003'),
('TIN1676','P/1','Jumat','09:40 - 12:10','F0003'),
('TIN1663','K/1','Jumat','13:00 - 14:40','F0003'),
('TIN1672','K/1','Jumat','13:00 - 15:30','F0001'),
('TIN1663','P/1','Jumat','14:40 - 17:00','F0004'),
('SIL1621','K/1','Senin','08:00 - 09:40','F-G410'),
('SIL1635','K/1','Senin','10:00 - 11:40','IPBF0301'),
('SIL1635','P/1','Senin','13:00 - 16:00','IPBF0202'),
('SIL1613','K/1','Senin','14:00 - 15:40','R. Pasca SIL 2'),
('SIL1531','K/1','Selasa','08:00 - 09:40','IPBF0102'),
('SIL1625','K/1','Selasa','08:00 - 09:40','F0005'),
('SIL1528','K/1','Selasa','10:00 - 11:40','F0011030'),
('SIL1512','K/1','Selasa','13:00 - 14:40','F-G415'),
('SIL1590','K/1','Selasa','16:00 - 17:40','F-G416'),
('SIL1531','P/1','Rabu','13:00 - 16:00','F001B102'),
('SIL1615','K/1','Rabu','16:00 - 17:40','IPBF0203'),
('SIL1647','K/1','Kamis','10:00 - 11:40','F-G405'),
('SIL1502','K/1','Kamis','14:00 - 15:40','FD310L01'),
('SIL1590','P/1','Kamis','16:00 - 19:00','F0003PAU'),
('STA1541','K/1','Senin','08:00 - 10:00','ISTR205'),
('STA1542','K/1','Senin','08:00 - 10:00','ISTR211'),
('STA1582','K/1','Senin','08:00 - 10:00','C162RP25'),
('STA1541','P/1','Senin','10:00 - 12:00','ISTR306'),
('STA1542','P/1','Senin','10:00 - 12:00','G0001'),
('STA1582','P/1','Senin','10:00 - 12:00','C162RP25'),
('STA1500','K/1','Senin','13:00 - 15:00','ISTR201'),
('STA1500','P/1','Senin','15:00 - 17:00','ISTR307'),
('STA1521','K/1','Selasa','08:00 - 10:00','ISTR306'),
('STA1562','K/1','Selasa','08:00 - 10:00','C162RP24'),
('STA1562','P/1','Selasa','10:00 - 11:00','C162RP24'),
('STA1521','P/1','Selasa','10:00 - 12:00','ISTR306'),
('STA1500','K/2','Selasa','13:00 - 15:00','ISTR304'),
('STA1500','P/2','Selasa','15:00 - 17:00','ISTR308'),
('STA1501','K/1','Kamis','08:00 - 10:00','ISTR204'),
('STA1553','K/1','Kamis','08:00 - 10:00','ISTR304'),
('STA1583','K/1','Kamis','08:00 - 10:00','ISTR307'),
('STA1501','P/1','Kamis','10:00 - 12:00','ISTR307'),
('STA1553','P/1','Kamis','10:00 - 12:00','ISTR311'),
('STA1543','K/1','Kamis','13:00 - 15:00','ISTR306'),
('STA1583','P/1','Kamis','13:00 - 15:00','ISTR307'),
('STA1543','P/1','Kamis','15:00 - 17:00','ISTR309'),
('STA1544','K/1','Jumat','08:00 - 10:00','IPBU0101'),
('STA1522','K/1','Jumat','09:00 - 11:00','ISTR205'),
('STA1522','P/1','Jumat','13:00 - 15:00','ISTR308'),
('STA1544','P/1','Jumat','13:30 - 15:30','G6LAB02'),
('STA1554','K/1','Sabtu','08:00 - 10:00','IPBU0101'),
('STA1554','P/1','Sabtu','10:00 - 12:00','IPBU0301'),
('GFM1640','K/1','Senin','10:00 - 12:00','G0017'),
('GFM1646','K/1','Senin','10:00 - 12:00','G0018'),
('GFM1604','K/1','Senin','15:30 - 17:30','IPBU0301'),
('GFM1630','K/1','Selasa','10:00 - 12:00','G0017'),
('GFM1632','K/1','Selasa','10:30 - 12:30','G0018'),
('GFM1632','P/1','Selasa','13:00 - 15:30','G0018'),
('GFM1612','K/1','Rabu','13:00 - 15:00','G0017'),
('GFM1612','P/1','Rabu','15:00 - 17:40','G0004'),
('GFM162A','K/1','Kamis','08:00 - 10:00','G0017'),
('GFM162A','P/1','Kamis','10:30 - 13:00','G0018'),
('GFM1614','K/1','Kamis','13:30 - 15:30','G0017'),
('GFM1622','K/1','Jumat','13:30 - 15:30','G0017'),
('GFM1622','P/1','Jumat','15:30 - 18:00','G0017'),
('MIK151D','P/1','Senin','07:30 - 12:30','G0004'),
('BIO1621','K/1','Selasa','08:00 - 09:40','G0015'),
('BIO1524','K/1','Selasa','10:00 - 11:40','IPBU0302'),
('BIO1514','P/1','Rabu','08:00 - 11:00','G0005'),
('MIK152C','P/1','Rabu','13:00 - 16:00','G0003'),
('BIO1621','P/1','Kamis','09:00 - 12:00','G0002'),
('BIO1524','P/1','Kamis','13:00 - 16:00','G0002'),
('BIO1514','K/1','Jumat','08:00 - 09:40','G0014'),
('BSH1561','P/1','Senin','07:30 - 11:00','G0014'),
('BSH1561','K/1','Senin','13:00 - 14:40','G0014'),
('BSH1553','K/1','Senin','15:00 - 16:40','G0014'),
('BSH1553','P/1','Selasa','07:00 - 09:30','G0014'),
('BSH1555','K/1','Selasa','10:00 - 11:40','G0013'),
('BSH1654','K/1','Selasa','10:00 - 11:40','G0010'),
('BSH165A','K/1','Selasa','10:00 - 11:40','G0007'),
('BSH1663','K/1','Selasa','10:00 - 11:40','G0008'),
('BSH1664','K/1','Selasa','10:00 - 11:40','G0009'),
('BSH1555','P/1','Selasa','13:00 - 15:30','G0015'),
('BSH1654','P/1','Selasa','13:00 - 15:30','G0010'),
('BSH165A','P/1','Selasa','13:00 - 15:30','G0007'),
('BSH1663','P/1','Selasa','13:00 - 15:30','G0008'),
('BSH1664','P/1','Selasa','13:00 - 15:30','G0009'),
('BSH1551','K/1','Rabu','07:20 - 09:00','G0015'),
('BSH1551','P/1','Rabu','13:00 - 15:30','G0015'),
('BIO1691','P/2','Rabu','16:00 - 17:00','G0015'),
('BSH1662','P/1','Kamis','07:00 - 09:30','G0009'),
('BSH1662','K/1','Kamis','10:00 - 11:40','G0010'),
('BSH165E','K/1','Kamis','13:00 - 14:40','G0010'),
('BSH1656','K/1','Jumat','07:00 - 08:40','G0015'),
('BSH1656','P/1','Jumat','09:00 - 11:30','G0005'),
('BSH1562','K/1','Jumat','13:00 - 14:40','G0015'),
('BSH1652','K/1','Jumat','13:00 - 14:40','G0008'),
('BSH1562','P/1','Jumat','15:00 - 17:30','G0006'),
('BSH1652','P/1','Jumat','15:00 - 17:30','G0008'),
('BOT1535','K/1','Senin','08:00 - 09:40','G0009'),
('BOT1544','K/1','Senin','10:00 - 11:40','G0010'),
('BOT1633','K/1','Senin','10:00 - 11:40','G3RK001.3'),
('BOT1544','P/1','Senin','11:50 - 13:00','IPBU0201'),
('BOT1636','K/1','Senin','13:00 - 14:40','G0007'),
('BOT1642','K/1','Senin','13:00 - 14:40','G0009'),
('BOT1637','K/1','Selasa','08:00 - 09:40','G0010'),
('BOT1635','P/1','Selasa','13:00 - 19:00','IPBU0201'),
('BOT1543','K/1','Rabu','13:30 - 15:10','G0007'),
('BOT1534','K/1','Kamis','07:00 - 08:40','G0010'),
('BOT1533','K/1','Kamis','08:00 - 09:40','G0008'),
('BOT1646','K/1','Kamis','08:00 - 09:40','G0007'),
('BOT1631','K/1','Kamis','10:00 - 10:50','G0009'),
('BOT1631','P/1','Kamis','10:50 - 12:30','G0010'),
('BOT1545','K/1','Kamis','13:00 - 14:40','G0008'),
('BOT1645','K/1','Kamis','13:30 - 15:10','G0007'),
('BOT1644','K/1','Kamis','15:00 - 16:40','G0008'),
('BOT1634','P/1','Jumat','08:00 - 14:00','G0006'),
('BOT1643','P/1','Sabtu','08:00 - 16:00','IPBU0303'),
('BOT1641','P/1','Sabtu','11:00 - 16:00','G0002'),
('KIM1638','K/1','Senin','09:00 - 11:30','G0004'),
('KIM1616','K/1','Senin','13:00 - 14:40','G6LAB01'),
('KIM1654','K/1','Selasa','10:00 - 12:30','G41KIMIA1'),
('KIM1617','K/1','Selasa','13:30 - 16:00','G0018'),
('KIM1502','K/1','Rabu','13:00 - 14:40','IPBU0303'),
('KIM1637','K/1','Kamis','08:00 - 10:30','G6LAB03'),
('KIM1641','K/1','Kamis','11:00 - 12:40','IPBU0301'),
('KIM1502','P/1','Kamis','13:30 - 15:30','G0016'),
('MAT1232','K/1','Senin','08:00 - 09:40','ISTR304'),
('MAT1554','K/1','Selasa','08:00 - 09:40','ISTR203'),
('MAT1542','K/1','Selasa','10:00 - 11:40','ISTR210'),
('MAT1524','K/1','Selasa','13:00 - 14:40','ISTR210'),
('MAT1556','K/1','Selasa','13:00 - 14:40','G0012'),
('MAT1232','P/1','Rabu','13:00 - 14:40','ISTR209'),
('MAT1556','P/1','Kamis','08:00 - 09:40','G3RK001.2'),
('MAT1554','P/1','Kamis','10:00 - 12:00','ISTR210'),
('MAT1542','P/1','Kamis','13:00 - 14:40','ISTR209'),
('MAT1524','P/1','Jumat','07:00 - 09:00','ISTR308'),
('KOM1624','K/1','Senin','08:00 - 09:40','G0003'),
('KOM1623','K/1','Senin','10:00 - 12:00','G3RK001.1'),
('KOM1611','K/1','Senin','13:00 - 15:30','G0016'),
('KOM1631','K/1','Senin','13:00 - 15:30','G3RK001.3'),
('KOM1624','P/1','Selasa','08:00 - 10:00','IPBU0301'),
('KOM1632','K/1','Selasa','08:00 - 10:00','G3RK001.2'),
('KOM1634','K/1','Selasa','10:00 - 11:40','IPBU0201'),
('KOM1634','P/1','Selasa','15:00 - 17:00','G41KIMIA1'),
('KOM1623','P/1','Rabu','13:00 - 15:00','G3RK001.3'),
('KOM1632','P/1','Rabu','15:30 - 17:30','G6LAB03'),
('KOM1622','K/1','Kamis','08:00 - 09:40','G3RK001.4'),
('KOM1621','K/1','Kamis','10:00 - 12:00','G0004'),
('KOM1621','P/1','Kamis','13:00 - 15:00','G0002'),
('KOM1503','P/1','Kamis','15:30 - 17:30','G41KIMIA2'),
('KOM1503','K/1','Jumat','08:00 - 09:40','G3RK001.3'),
('KOM1622','P/1','Jumat','13:00 - 15:30','IPBU0302'),
('KOM1634','K/2','Jumat','15:30 - 17:10','G204SEMI'),
('KOM1634','P/2','Jumat','17:30 - 19:30','G6SERUNI'),
('KOM1503','P/2','Sabtu','15:30 - 16:30','G3RK001.1'),
('BFS150A','K/1','Senin','08:00 - 08:50','G0007'),
('BFS1501','P/1','Senin','08:00 - 09:00','G0003'),
('BFS150A','P/1','Senin','09:00 - 10:00','G0001'),
('BFS1506','K/1','Senin','10:00 - 11:40','G0016'),
('BFS1507','K/1','Senin','13:00 - 14:40','G0004'),
('BFS1502','K/1','Senin','15:00 - 16:40','G0013'),
('BFS1503','K/1','Selasa','08:00 - 09:40','IPBU0203'),
('BFS1504','K/1','Selasa','10:00 - 11:40','G0011'),
('BFS150D','K/1','Selasa','13:00 - 14:40','G0014'),
('BFS150I','K/1','Rabu','13:00 - 14:40','IPBU0101'),
('BFS150B','K/1','Rabu','15:00 - 16:40','G0017'),
('BFS150G','K/1','Rabu','15:00 - 16:40','G3RK001.1'),
('BFS1501','K/1','Kamis','08:00 - 09:40','G41KIMIA2'),
('BFS1505','K/1','Kamis','13:00 - 14:40','G0017'),
('BIK1694','P/1','Senin','07:00 - 07:50','G0017'),
('BIK1505','K/1','Senin','08:00 - 09:40','G0011'),
('BIK1526','K/1','Senin','13:00 - 15:30','G0011'),
('BIK695B','P/1','Selasa','07:00 - 07:50','G3RK001.2'),
('BIK1506','K/1','Selasa','08:00 - 08:50','G0011'),
('BIK1506','P/1','Selasa','10:00 - 13:00','G0001'),
('BIK1532','K/1','Selasa','14:00 - 16:30','G0011'),
('BIK1695','P/1','Rabu','07:00 - 08:40','G6LAB01'),
('BIK1612','K/1','Kamis','07:30 - 10:00','G0011'),
('BIK1502','K/1','Kamis','08:00 - 08:50','G0012'),
('BIK1502','P/1','Kamis','09:00 - 13:00','G0016'),
('BIK1524','K/1','Jumat','08:00 - 10:30','G0011'),
('BIK1512','K/1','Jumat','08:30 - 11:00','G0016'),
('BIK1522','K/1','Jumat','13:30 - 16:00','G0016'),
('PWD1511','K/1','Senin','08:00 - 09:40','H5RK0032'),
('PWD1500','K/1','Rabu','08:00 - 10:30','A104401A'),
('ESL1683','K/1','Kamis','13:00 - 15:30','H4RK0032'),
('MPD1507','K/1','Selasa','14:00 - 16:00','IPBW0403'),
('MPD1603','K/1','Rabu','08:00 - 10:00','H5RK0032'),
('MPD1508','K/1','Rabu','13:00 - 15:00','IPBW10 FEM'),
('MPD1602','K/1','Kamis','08:00 - 10:00','H0RK004'),
('MPD160A','K/1','Jumat','14:00 - 16:00','H4RK0031'),
('MPD1508','K/2','Jumat','19:00 - 21:00','A104401A'),
('MPD160A','K/2','Sabtu','08:00 - 10:00','IPBW0402'),
('MPD1507','K/2','Sabtu','10:30 - 12:30','H2RK0032'),
('MPD1603','K/2','Sabtu','13:30 - 15:30','H2RK0031'),
('MPD1602','K/2','Sabtu','16:00 - 18:30','A00000B1'),
('EKO1603','K/1','Selasa','10:00 - 12:00','H5RK0032'),
('EKO1506','K/1','Selasa','13:30 - 15:30','LAB-CYBER3'),
('EKO1505','K/1','Rabu','08:00 - 10:00','H0002'),
('EKO1605','K/1','Rabu','13:00 - 15:00','H0001'),
('MAN1524','K/1','Senin','08:00 - 09:40','H0003'),
('MAN150M','K/1','Senin','10:00 - 11:40','H0003'),
('MAN1526','K/1','Senin','13:00 - 14:40','H0003'),
('MAN160N','K/1','Senin','13:00 - 15:30','H0RK0004'),
('MAN1543','K/1','Selasa','08:00 - 09:40','H0003'),
('MAN1554','K/1','Selasa','08:00 - 09:40','H0003'),
('MAN1516','K/1','Selasa','10:00 - 11:40','H5RK0032'),
('MAN1525','K/1','Selasa','10:30 - 12:10','H5RK0031'),
('MAN1517','K/1','Selasa','13:00 - 14:40','H2RK0032'),
('MAN1544','K/1','Selasa','13:00 - 14:40','H0003'),
('MAN1545','K/1','Rabu','08:00 - 09:40','LAB-CYBER3'),
('MAN1552','K/1','Rabu','08:00 - 09:40','H0003'),
('MAN1546','K/1','Rabu','13:00 - 14:40','IPBW10 FEM'),
('MAN1551','K/1','Rabu','13:00 - 14:40','H0003'),
('MAN1535','K/1','Kamis','08:00 - 09:40','H0003'),
('MAN1527','K/1','Kamis','10:00 - 11:40','H0003'),
('MAN1536','K/1','Kamis','10:00 - 11:40','H4RK0032'),
('MAN1515','K/1','Kamis','13:00 - 14:40','H0RK004'),
('MAN1533','K/1','Jumat','08:00 - 09:40','H0003'),
('MAN1553','K/1','Jumat','08:00 - 09:40','A0430301'),
('MAN1518','K/1','Jumat','13:30 - 15:10','A104401A'),
('MAN1534','K/1','Jumat','13:30 - 15:10','IPBW0403'),
('MAN150M','K/2','Jumat','19:00 - 20:40','A042202A'),
('MAN1516','K/2','Sabtu','08:00 - 09:40','H0RK004'),
('MAN1525','K/2','Sabtu','08:00 - 09:40','H5RK0031'),
('MAN1551','K/2','Sabtu','08:00 - 09:40','H0003'),
('MAN1517','K/2','Sabtu','10:00 - 11:40','A00000B1'),
('MAN1527','K/2','Sabtu','10:00 - 11:40','H0RK004'),
('MAN1552','K/2','Sabtu','10:00 - 11:40','H4RK0031'),
('MAN1515','K/2','Sabtu','13:00 - 14:40','H0002'),
('MAN1526','K/2','Sabtu','13:00 - 14:40','H0003'),
('MAN1543','K/2','Sabtu','13:00 - 14:40','H4RK0032'),
('MAN1553','K/2','Sabtu','13:00 - 14:40','H0RK004'),
('MAN1518','K/2','Sabtu','15:00 - 16:40','H2RK0032'),
('MAN1524','K/2','Sabtu','15:00 - 16:40','H4RK0032'),
('MAN1535','K/2','Sabtu','15:00 - 16:40','H0003'),
('MAN1554','K/2','Sabtu','15:00 - 16:40','A-SEMAGB'),
('AGB1503','K/1','Senin','08:00 - 10:30','H0001'),
('AGB1622','K/1','Senin','11:00 - 13:30','H0001'),
('AGB1504','K/1','Selasa','08:00 - 10:30','H0001'),
('AGB1517','K/2','Selasa','08:00 - 10:30','H0002'),
('AGB1635','K/1','Selasa','11:00 - 13:30','H0002'),
('AGB1615','K/1','Selasa','14:00 - 16:30','H0001'),
('AGB1612','K/1','Rabu','07:30 - 10:00','IPBW0403'),
('AGB1523','K/1','Rabu','13:00 - 14:40','H0001'),
('AGB1523','K/2','Rabu','15:00 - 16:40','H0001'),
('AGB1504','K/2','Kamis','08:00 - 10:30','H0001'),
('AGB1517','K/1','Kamis','08:00 - 10:30','H0002'),
('AGB1632','K/1','Kamis','11:00 - 13:30','H0001'),
('AGB1639','K/1','Kamis','14:00 - 16:30','H0001'),
('AGB1616','K/1','Jumat','08:00 - 10:30','A00000B1'),
('AGB1613','K/1','Jumat','13:30 - 16:00','H0001'),
('ESL1635','K/1','Selasa','09:00 - 11:30','A104401B'),
('ESL1626','K/1','Rabu','08:00 - 10:30','A00000B1'),
('ESL1627','K/1','Kamis','09:00 - 11:30','IPBW0401'),
('EKO1608','K/2','Selasa','13:00 - 15:40','H4RK0032'),
('ESL1513','K/1','Selasa','13:00 - 15:45','H0003'),
('ESL1512','K/1','Rabu','08:00 - 10:40','H4RK0032'),
('ESL1515','K/1','Rabu','13:00 - 15:45','A042202A'),
('ESL1518','K/1','Kamis','08:00 - 10:50','A104401A'),
('ESL1617','K/1','Kamis','13:00 - 15:30','H5RK0031'),
('ESL1516','K/1','Jumat','08:10 - 10:40','H0RK0004'),
('EKO1604','K/1','Senin','08:00 - 09:40','IPBW10 FEM'),
('ESL1602','K/1','Senin','08:00 - 09:40','A104401A'),
('ESL1602','P/1','Senin','10:00 - 12:30','A-SEMAGB'),
('EKO1509','K/1','Senin','10:30 - 12:10','IPBW0402'),
('ESL1651','K/1','Selasa','08:00 - 10:00','A042202B'),
('ESL1651','P/1','Selasa','10:00 - 12:00','A0430301'),
('ESL1522','K/1','Rabu','08:00 - 10:00','H0RK004'),
('ESL1526','K/1','Rabu','09:00 - 11:00','H0RK004'),
('ESL1652','K/1','Rabu','13:00 - 14:40','A042202A'),
('ESL1652','P/1','Rabu','15:00 - 17:00','LAB-CYBER3'),
('ESL1658','K/1','Kamis','08:00 - 09:40','H0002'),
('ESL1658','P/1','Kamis','10:00 - 12:30','IPBW0401'),
('ESL1653','K/1','Jumat','08:00 - 09:40','H4RK0031'),
('ESL1653','P/1','Jumat','10:45 - 11:30','IPBW10 FEM'),
('GIZ164C','K/1','Senin','08:00 - 09:40','I0001'),
('GIZ152C','K/1','Senin','13:00 - 14:40','I0001'),
('GIZ154A','K/1','Selasa','08:00 - 08:50','I0002'),
('GIZ154A','P/1','Selasa','09:00 - 12:00','I0001'),
('GIZ162A','K/1','Selasa','13:00 - 14:40','I0001'),
('GIZ160A','K/1','Rabu','11:00 - 12:40','I0001'),
('GIZ160A','P/1','Rabu','13:00 - 16:00','I0001'),
('GIZ162B','K/1','Kamis','09:00 - 09:50','I0001'),
('GIZ162B','P/1','Kamis','10:00 - 13:00','I0001'),
('GIZ163A','K/1','Jumat','07:30 - 08:20','I0001'),
('GIZ163A','P/1','Jumat','08:30 - 11:30','I0001'),
('GIZ151B','K/1','Jumat','13:00 - 14:40','I0001'),
('IKK1501','K/1','Senin','10:30 - 12:10','I0005'),
('IKK1501','P/1','Senin','13:00 - 15:50','I0005'),
('IKK1623','K/1','Selasa','08:00 - 08:50','I0005'),
('IKK1623','P/1','Selasa','09:00 - 11:50','I0005'),
('IKK1616','K/1','Selasa','13:00 - 14:40','I0005'),
('IKK1621','K/1','Rabu','08:00 - 09:40','I0005'),
('IKK1634','K/1','Rabu','13:00 - 14:40','I0005'),
('IKK1602','K/1','Kamis','13:00 - 13:50','I0005'),
('IKK1602','P/1','Kamis','14:00 - 16:50','I0003'),
('IKK1603','K/1','Jumat','08:00 - 08:50','I0005'),
('IKK1617','K/1','Jumat','09:00 - 10:40','I0005'),
('IKK1603','P/1','Jumat','13:00 - 15:50','I0005'),
('KPM1551','K/1','Selasa','08:00 - 09:40','I.301.21'),
('KPM1551','P/1','Selasa','09:41 - 10:30','A000GMSK'),
('KPM1656','K/1','Selasa','13:00 - 14:40','I.301.14'),
('KPM1656','P/1','Selasa','14:41 - 15:30','I0004'),
('KPM1614','K/1','Rabu','13:01 - 14:41','I.401.19'),
('KPM1614','P/1','Rabu','14:41 - 15:30','I.401.07'),
('KPM165C','K/1','Kamis','08:00 - 09:10','I.401.10'),
('KPM165C','P/1','Kamis','09:11 - 10:30','I.301.04'),
('KPM1564','K/1','Senin','08:00 - 10:30','I.401.05'),
('KPM153E','K/1','Senin','13:00 - 15:30','I.401.04'),
('KPM1560','K/1','Senin','13:00 - 15:30','I.401.22'),
('KPM1565','K/1','Selasa','08:00 - 10:30','I.401.11'),
('KPM1575','K/1','Selasa','10:30 - 12:10','I.401.01'),
('KPM153F','K/1','Selasa','13:00 - 14:40','A011GM11'),
('KPM1574','K/1','Selasa','13:00 - 14:40','I0004'),
('KPM1531','K/1','Rabu','08:00 - 09:40','I.401.15'),
('KPM153G','K/1','Rabu','08:00 - 09:40','I.501.20'),
('KPM153F','P/1','Rabu','13:00 - 14:40','I.401.01'),
('KPM1573','K/1','Rabu','13:00 - 14:40','I0004'),
('KPM1573','P/1','Rabu','14:41 - 16:21','I0004'),
('KPM153G','P/2','Kamis','08:00 - 09:40','I.301.01'),
('KPM1572','K/1','Kamis','08:00 - 09:40','I.301.12'),
('KPM153C','K/1','Kamis','13:00 - 15:30','I.301.08'),
('SBI151A','K/1','Senin','08:00 - 09:40','X000RK01'),
('SBI1539','K/1','Senin','08:00 - 09:40','L0008'),
('SBI1519','K/1','Senin','13:30 - 15:10','ICCR109'),
('SBI152B','K/1','Senin','13:30 - 15:10','E000OR26'),
('SBI1547','K/1','Senin','13:30 - 15:10','ICCR212'),
('SBI154I','K/1','Senin','13:30 - 15:10','E000OR26'),
('SBI1527','K/2','Senin','19:00 - 20:40','E000OR12'),
('SBI1529','K/2','Senin','19:00 - 20:40','L0004'),
('SBI151A','K/2','Senin','20:40 - 22:10','PPS-R302'),
('SBI1538','K/2','Senin','20:40 - 22:10','GLS3MKDU'),
('SBI1548','K/1','Selasa','08:00 - 09:40','ICCR110'),
('SBI1527','K/1','Selasa','13:30 - 15:10','ICCR208'),
('SBI1518','K/2','Selasa','19:00 - 20:40','TLRKU002'),
('SBI151C','K/1','Selasa','19:00 - 20:40','TLRKU004'),
('SBI153C','K/1','Selasa','19:00 - 20:40','E000OR13'),
('SBI154A','K/1','Selasa','19:00 - 20:40','L0002'),
('SBI1528','K/2','Selasa','20:40 - 22:10','H004REK6'),
('SBI1538','K/1','Rabu','13:30 - 15:10','H001REK1'),
('SBI153A','K/1','Rabu','13:30 - 15:10','E000OR18'),
('SBI1519','K/2','Rabu','19:00 - 20:40','E000OR25'),
('SBI151B','K/1','Rabu','19:00 - 20:40','E000OR24'),
('SBI153B','K/1','Rabu','19:00 - 20:40','E000OR01'),
('SBI1549','K/1','Rabu','19:00 - 20:40','E000OR04'),
('SBI1539','K/2','Rabu','20:40 - 22:10','ISTR308'),
('SBI153A','K/2','Rabu','20:40 - 22:10','TPBLKIM2'),
('SBI1518','K/1','Kamis','08:00 - 09:40','ICCR102'),
('SBI152A','K/1','Kamis','13:30 - 15:10','ICCR107'),
('SBI1546','K/1','Kamis','13:30 - 15:10','TLRKU003'),
('SBI154H','K/1','Kamis','13:30 - 15:10','E000OR17'),
('SBI1538','K/3','Kamis','19:00 - 20:40','ICCR105'),
('SBI1548','K/2','Kamis','19:00 - 20:40','ISTR210'),
('SBI1528','K/1','Jumat','08:00 - 09:40','ICCR109'),
('SBI1529','K/1','Jumat','08:00 - 09:40','E000OR25'),
('SBI151C','K/2','Jumat','19:00 - 20:40','H004REK5'),
('SBI1527','K/3','Jumat','19:00 - 20:40','ICCR103'),
('SBI1547','K/2','Jumat','19:00 - 20:40','X000ALSI'),
('SBI154E','K/1','Jumat','19:00 - 20:40','H004REK5'),
('SBI154I','K/2','Jumat','19:00 - 20:40','L0003'),
('PPS1503','K/5','Sabtu','07:30 - 10:00','E000OR29'),
('SBI1518','K/3','Sabtu','08:00 - 09:40','E000OR12'),
('SBI1529','K/3','Sabtu','08:00 - 09:40','ICCR207'),
('SBI151A','K/3','Sabtu','10:00 - 11:40','ISTR210'),
('SBI1528','K/3','Sabtu','10:00 - 11:40','X000AGI1'),
('SBI1519','K/3','Sabtu','13:30 - 15:10','E000OR27'),
('SBI151B','K/2','Sabtu','13:30 - 15:10','E000OR03'),
('SBI1546','K/2','Sabtu','13:30 - 15:10','ICCR213'),
('SBI154D','K/1','Sabtu','13:30 - 15:10','X000PIP2'),
('SBI154H','K/2','Sabtu','13:30 - 15:10','L0007'),
('SBI1539','K/3','Sabtu','15:30 - 17:10','X000AGI2'),
('SBI153A','K/3','Sabtu','15:30 - 17:10','ISTR201'),
('BTK1528','K/1','Senin','09:00 - 10:40','TLRKU001'),
('BTK1502','K/1','Senin','13:00 - 14:30','X000AGI3'),
('BTK1524','K/1','Senin','13:00 - 14:40','E000OR21'),
('BTK1503','K/1','Selasa','08:00 - 09:40','H004REK4'),
('BTK1523','K/1','Selasa','08:00 - 09:40','ISTR306'),
('BTK1503','P/1','Selasa','10:00 - 12:30','ICCRAUD'),
('BTK1524','P/1','Selasa','13:00 - 15:30','E000OR18'),
('BTK1504','K/1','Rabu','08:00 - 09:40','E000ORG1'),
('BTK1504','P/1','Rabu','10:00 - 12:30','ISTR204'),
('BTK1523','P/1','Rabu','10:00 - 12:30','X000AGI3'),
('BTK1501','K/1','Rabu','13:00 - 15:40','X000RK02'),
('BTK1525','K/1','Kamis','08:00 - 09:40','TLRKU001'),
('BTK1502','P/1','Kamis','09:00 - 12:30','ISTR307'),
('BTK1525','P/1','Kamis','10:00 - 12:30','X000AGI3'),
('BTK1505','K/1','Kamis','13:00 - 14:40','H003REK3'),
('BTK1505','P/1','Kamis','15:00 - 17:30','ICCR204'),
('PSL1608','K/1','Senin','08:00 - 08:50','L0004'),
('PSL1608','P/1','Senin','09:00 - 12:00','PPS-R302'),
('PSL1615','K/1','Senin','13:00 - 14:40','X000MASJ'),
('PSL1636','K/1','Senin','15:00 - 16:40','TLRKU005'),
('PSL1626','K/1','Selasa','08:00 - 09:00','ICCR212'),
('PSL1635','K/1','Selasa','08:00 - 09:40','X000AGI1'),
('PSL1626','P/1','Selasa','09:00 - 12:00','L0006'),
('PSL1624','K/1','Selasa','13:00 - 13:50','E000OR16'),
('PSL1624','P/1','Selasa','14:00 - 17:00','X001ALSI'),
('PSL1671','K/1','Selasa','15:00 - 15:50','ISTR204'),
('PSL1671','P/1','Selasa','16:00 - 19:00','ICCR201'),
('PSL150C','K/1','Rabu','08:00 - 08:50','TLRKU001'),
('PSL150C','P/1','Rabu','09:00 - 12:00','TLRKU007'),
('PSL1616','K/1','Rabu','15:00 - 16:40','TLRKU003'),
('PSL1672','K/1','Rabu','15:00 - 16:40','X000PIP1'),
('PSL1673','K/1','Kamis','08:00 - 09:40','E000OR25'),
('PSL1675','K/1','Kamis','10:01 - 11:41','ISTR204'),
('PSL1674','K/1','Kamis','13:00 - 13:50','E000OR13'),
('PSL1674','P/1','Kamis','14:00 - 17:00','E000OR25'),
('PSL1632','K/1','Jumat','08:00 - 09:40','H004REK4'),
('PSL1625','K/1','Jumat','13:00 - 13:50','ICCRAUD'),
('PSL1625','P/1','Jumat','14:00 - 17:00','LOBBYREK'),
('PSL150C','P/2','Jumat','19:21 - 22:21','X001ALSI'),
('PSL1625','K/2','Sabtu','08:00 - 08:50','ISTR205'),
('PSL1626','K/2','Sabtu','08:00 - 08:50','ICCR101'),
('PSL1615','K/2','Sabtu','08:00 - 09:40','E000OR21'),
('PSL1632','K/2','Sabtu','08:00 - 09:40','E000OR19'),
('PSL1625','P/2','Sabtu','09:00 - 12:00','GLS3MKDU1'),
('PSL1626','P/2','Sabtu','09:00 - 12:00','PPS-R405'),
('PSL1617','K/2','Sabtu','09:45 - 11:25','E000OR01'),
('PSL1636','K/2','Sabtu','10:00 - 11:40','X000PIP1'),
('PSL1624','K/2','Sabtu','13:00 - 13:50','ICCR105'),
('PSL1616','K/2','Sabtu','13:00 - 14:40','E000OR03'),
('PSL1635','K/2','Sabtu','13:00 - 14:40','ICCR104'),
('PSL1624','P/2','Sabtu','14:00 - 17:00','X001ALSI'),
('PSL1673','K/2','Sabtu','15:00 - 16:40','PPS-R306'),
('PSL1608','K/2','Sabtu','17:00 - 17:50','ISTR211'),
('PSL1608','P/2','Sabtu','18:30 - 21:30','E000OR02'),
('MPI1521','K/1','Jumat','18:30 - 20:10','ICCR201'),
('MPI1504','K/1','Jumat','18:30 - 21:10','E000OR28'),
('MPI1505','K/1','Jumat','18:30 - 21:10','E000OR16'),
('MPI1541','K/1','Jumat','19:00 - 20:40','ICCR208'),
('MPI1526','K/1','Jumat','20:20 - 22:00','E000OR01'),
('MPI1525','K/1','Sabtu','08:00 - 09:40','TPBLFIS1'),
('MPI1502','K/1','Sabtu','08:30 - 11:00','ISTR311'),
('MPI1503','K/1','Sabtu','08:30 - 11:00','L0004'),
('MPI1524','K/1','Sabtu','10:00 - 11:40','ISTR308'),
('MPI1522','K/1','Sabtu','13:20 - 15:00','X-AMARI1'),
('MPI1523','K/1','Sabtu','15:40 - 17:20','TPBLBIO2'),
('LOG1601','K/1','Senin','16:00 - 17:40','X000AGI2'),
('LOG1643','K/1','Senin','19:00 - 20:40','ICCR108'),
('LOG1623','K/1','Selasa','16:00 - 17:40','E000OR08'),
('LOG1631','K/1','Selasa','16:00 - 17:40','E000OR18'),
('LOG1612','K/1','Selasa','19:00 - 20:40','X001ALSI'),
('LOG1622','K/1','Selasa','19:00 - 20:40','E000ORG4'),
('LOG1612','P/1','Rabu','08:00 - 11:00','L0002'),
('LOG1641','K/1','Rabu','08:00 - 11:20','PPS-R405'),
('LOG1613','K/1','Rabu','13:00 - 14:40','PPS-R403'),
('LOG1642','K/1','Rabu','13:00 - 14:40','E000OR11'),
('LOG1601','P/1','Rabu','15:00 - 18:00','E000OR29'),
('LOG1624','K/1','Kamis','08:00 - 09:40','GLS3MKDU1'),
('LOG1614','P/1','Kamis','08:00 - 11:00','E000OR02'),
('LOG1611','K/1','Kamis','13:00 - 14:40','TPBLKIM1'),
('LOG1632','K/1','Kamis','13:00 - 14:40','ICCR201'),
('LOG1631','P/1','Kamis','16:00 - 19:00','X000AGI2'),
('LOG1621','K/1','Jumat','08:00 - 09:40','E000OR02'),
('LOG1625','K/1','Jumat','13:00 - 14:40','ICCR101'),
('LOG1642','P/1','Jumat','13:00 - 16:00','X000RK02'),
('LOG1611','P/1','Jumat','15:00 - 18:00','ICCR213'),
('LOG1632','P/1','Jumat','15:00 - 18:00','TLRKU006');